product,description,review,rating,price,num_ratings,num_reviews,ram_gb,storage_gb,display_inch,camera_mp,battery_mah,warranty_years
"OnePlus 13R 5G (Nebula Noir, 512 GB)",16 GB RAM | 512 GB ROM17.22 cm (6.78 inch) Display50MP Rear Camera6000 mAh Battery1 year manufacturer warranty for device and 1 year manufacturer warranty for in-box accessories including batteries from the date of purchase,124 Ratings & 10 Reviews,4.5,45885.0,124.0,10.0,16.0,512.0,6.78,50.0,6000.0,1.0
"SAMSUNG Galaxy S24 FE 5G (Graphite, 256 GB)",8 GB RAM | 256 GB ROM17.02 cm (6.7 inch) Full HD+ Display50MP + 12MP | 10MP Front Camera4700 mAh BatteryExynos 2400e Processor1 Year Manufacturer Warranty for Device and 6 Months for In-Box Accessories,695 Ratings & 59 Reviews,4.5,47999.0,695.0,59.0,8.0,256.0,6.7,50.0,4700.0,1.0
"Motorola Edge 50 Ultra 5G (Nordic Wood, 512 GB)",12 GB RAM | 512 GB ROM17.02 cm (6.7 inch) Display50MP + 50MP + 64MP | 50MP Front Camera4500 mAh Battery8s Gen 3 Mobile Platform Processor1 Year on Handset and 6 Months on Accessories,"2,485 Ratings & 273 Reviews",4.4,49999.0,485.0,273.0,12.0,512.0,6.7,50.0,4500.0,1.0
"Apple 13 (Midnight, 128 GB)",128 GB ROM15.49 cm (6.1 inch) Super Retina XDR Display12MP + 12MP | 12MP Front CameraA15 Bionic Chip Processor1 year warranty for phone and 1 year warranty for in Box Accessories.,"98,026 Ratings & 4,146 Reviews",4.6,44999.0,26.0,146.0,8.0,128.0,6.1,50.0,5000.0,1.0
"SAMSUNG Galaxy S24 FE 5G (Graphite, 128 GB)",8 GB RAM | 128 GB ROM17.02 cm (6.7 inch) Full HD+ Display50MP + 12MP | 10MP Front Camera4700 mAh BatteryExynos 2400e Processor1 Year Manufacturer Warranty for Device and 6 Months for In-Box Accessories,695 Ratings & 59 Reviews,4.5,41999.0,695.0,59.0,8.0,128.0,6.7,50.0,4700.0,1.0
"Apple iPhone 13 (Blue, 128 GB)",128 GB ROM15.49 cm (6.1 inch) Super Retina XDR Display12MP + 12MP | 12MP Front CameraA15 Bionic Chip Processor1 year warranty for phone and 1 year warranty for in Box Accessories.,"1,90,791 Ratings & 9,683 Reviews",4.6,44999.0,791.0,683.0,8.0,128.0,6.1,50.0,5000.0,1.0
"vivo V50 5G (Rose Red, 512 GB)",12 GB RAM | 512 GB ROM17.2 cm (6.77 inch) Display50MP + 50MP | 50MP Front Camera6000 mAh Battery7 Gen 3 Processor1 Year Manufacturer Warranty for Device and 6 Months Warranty for Inbox Accessories,658 Ratings & 76 Reviews,4.5,40999.0,658.0,76.0,12.0,512.0,6.77,50.0,6000.0,1.0
"OnePlus 13R 5G (Nebula Noir, 256 GB)",12 GB RAM | 256 GB ROM17.22 cm (6.78 inch) Display50MP Rear Camera6000 mAh Battery1 year manufacturer warranty for device and 1 year manufacturer warranty for in-box accessories including batteries from the date of purchase,554 Ratings & 53 Reviews,4.5,41046.0,554.0,53.0,12.0,256.0,6.78,50.0,6000.0,1.0
"OnePlus 13R 5G (Astral Trail, 512 GB)",16 GB RAM | 512 GB ROM17.22 cm (6.78 inch) Display50MP Rear Camera6000 mAh Battery1 year manufacturer warranty for device and 1 year manufacturer warranty for in-box accessories including batteries from the date of purchase,124 Ratings & 10 Reviews,4.5,45958.0,124.0,10.0,16.0,512.0,6.78,50.0,6000.0,1.0
"vivo V50 5G (Titanium Grey, 512 GB)",12 GB RAM | 512 GB ROM17.2 cm (6.77 inch) Display50MP + 50MP | 50MP Front Camera6000 mAh Battery7 Gen 3 Processor1 Year Manufacturer Warranty for Device and 6 Months Warranty for Inbox Accessories,658 Ratings & 76 Reviews,4.5,40999.0,658.0,76.0,12.0,512.0,6.77,50.0,6000.0,1.0
"OnePlus 13R 5g (Astral Trail, 256 GB)",12 GB RAM | 256 GB ROM17.22 cm (6.78 inch) Display50MP Rear Camera6000 mAh Battery1 year manufacturer warranty for device and 1 year manufacturer warranty for in-box accessories including batteries from the date of purchase,554 Ratings & 53 Reviews,4.5,39998.0,554.0,53.0,12.0,256.0,6.78,50.0,6000.0,1.0
"SAMSUNG Galaxy A56 5G (Awesome Olive, 256 GB)",8 GB RAM | 256 GB ROM17.02 cm (6.7 inch) Full HD+ Display50MP + 12MP + 5MP | 12MP Front Camera5000 mAh BatterySamsung Exynos 1580 Processor1 Year Manufacturer Warranty for Device and 6 Months for In-Box Accessories,57 Ratings & 4 Reviews,4.6,44999.0,57.0,4.0,8.0,256.0,6.7,50.0,5000.0,1.0
"IQOO 12 5G (Alpha, 256 GB)",12 GB RAM | 256 GB ROM17.22 cm (6.78 inch) Display50MP Rear Camera5000 mAh Battery1 Year Brand Warranty,26 Ratings & 2 Reviews,4.6,47745.0,26.0,2.0,12.0,256.0,6.78,50.0,5000.0,1.0
"Motorola Edge 50 Ultra 5G (Peach Fuzz, 512 GB)",12 GB RAM | 512 GB ROM17.02 cm (6.7 inch) Display50MP + 50MP + 64MP | 50MP Front Camera4500 mAh Battery8s Gen 3 Mobile Platform Processor1 Year on Handset and 6 Months on Accessories,"2,485 Ratings & 273 Reviews",4.4,49999.0,485.0,273.0,12.0,512.0,6.7,50.0,4500.0,1.0
"Xiaomi 14 CIVI (Panda White, 512 GB)",12 GB RAM | 512 GB ROM16.64 cm (6.55 inch) Display50MP Rear Camera | 32MP + 32MP Dual Front Camera4700 mAh Battery8s Gen 3 Mobile Platform Processor1 Year Manufacturer Warranty for Phone and 6 Months Warranty for In the Box Accessories,591 Ratings & 52 Reviews,4.3,44999.0,591.0,52.0,12.0,512.0,6.55,50.0,4700.0,1.0
"SAMSUNG S24 FE 5G (Blue, 128 GB)",8 GB RAM | 128 GB ROM17.02 cm (6.7 inch) Full HD+ Display50MP + 12MP | 10MP Front Camera4700 mAh BatteryExynos 2400e Processor1 Year Manufacturer Warranty for Device and 6 Months for In-Box Accessories,338 Ratings & 33 Reviews,4.6,41999.0,338.0,33.0,8.0,128.0,6.7,50.0,4700.0,1.0
"Motorola Edge 50 Ultra 5G (Forest Grey, 512 GB)",12 GB RAM | 512 GB ROM17.02 cm (6.7 inch) Display50MP + 50MP + 64MP | 50MP Front Camera4500 mAh Battery8s Gen 3 Mobile Platform Processor1 Year on Handset and 6 Months on Accessories,"2,485 Ratings & 273 Reviews",4.4,49999.0,485.0,273.0,12.0,512.0,6.7,50.0,4500.0,1.0
"IQOO Neo9 Pro (Fiery Red, 256 GB)",8 GB RAM | 256 GB ROM17.22 cm (6.78 inch) Display50MP Rear Camera5160 mAh Battery1 Year,591 Ratings & 38 Reviews,4.5,41999.0,591.0,38.0,8.0,256.0,6.78,50.0,5160.0,1.0
"SAMSUNG Galaxy S24 FE 5G (Blue, 256 GB)",8 GB RAM | 256 GB ROM17.02 cm (6.7 inch) Full HD+ Display50MP + 12MP | 10MP Front Camera4700 mAh BatteryExynos 2400e Processor1 Year Manufacturer Warranty for Device and 6 Months for In-Box Accessories,695 Ratings & 59 Reviews,4.5,47999.0,695.0,59.0,8.0,256.0,6.7,50.0,4700.0,1.0
"SAMSUNG Galaxy S23 5G (Green, 256 GB)",8 GB RAM | 256 GB ROM15.49 cm (6.1 inch) Full HD+ Display50MP + 10MP + 12MP | 12MP Front Camera3900 mAh Lithium Ion BatteryQualcomm Snapdragon 8 Gen 2 Processor1 Year Manufacturer Warranty for Device and 6 Months Manufacturer Warranty for In-Box Accessories,"36,671 Ratings & 2,486 Reviews",4.6,49999.0,671.0,486.0,8.0,256.0,6.1,50.0,3900.0,1.0
"Xiaomi 14 CIVI (Shadow Black, 512 GB)",12 GB RAM | 512 GB ROM16.64 cm (6.55 inch) Display50MP Rear Camera | 32MP + 32MP Dual Front Camera4700 mAh Battery8s Gen 3 Mobile Platform Processor1 Year Manufacturer Warranty for Phone and 6 Months Warranty for In the Box Accessories,591 Ratings & 52 Reviews,4.3,43999.0,591.0,52.0,12.0,512.0,6.55,50.0,4700.0,1.0
"SAMSUNG Galaxy A55 5G (Awesome Iceblue, 256 GB)",8 GB RAM | 256 GB ROM | Expandable Upto 1 TB16.76 cm (6.6 inch) Full HD+ Display50MP + 12MP + 5MP | 32MP Front Camera5000 mAh BatterySamsung Exynos 1480 Processor1 Year Manufacturer Warranty for Device and 6 Months for In-Box Accessories,"1,414 Ratings & 124 Reviews",4.4,36999.0,414.0,124.0,8.0,256.0,6.6,50.0,5000.0,1.0
"SAMSUNG S24 FE 5G (Mint, 256 GB)",8 GB RAM | 256 GB ROM17.02 cm (6.7 inch) Full HD+ Display50MP + 12MP | 10MP Front Camera4700 mAh BatteryExynos 2400e Processor1 Year Manufacturer Warranty for Device and 6 Months for In-Box Accessories,338 Ratings & 33 Reviews,4.6,47999.0,338.0,33.0,8.0,256.0,6.7,50.0,4700.0,1.0
"OPPO Reno13 5G (Sky Blue, 512 GB)",12 GB RAM | 512 GB ROM16.74 cm (6.59 inch) Display50MP + 8MP + 2MP | 50MP Front Camera5600 mAh BatteryDimensity 8350 Processor1 Year Warranty on Handset and 6 Months Warranty on Accessories,5 Ratings & 1 Reviews,4.4,43999.0,5.0,1.0,12.0,512.0,6.59,50.0,5600.0,1.0
"SAMSUNG S23 5G (Phantom Black, 256 GB)",8 GB RAM | 256 GB ROM15.49 cm (6.1 inch) Full HD+ Display50MP + 10MP + 12MP | 12MP Front Camera3900 mAh Lithium Ion BatteryQualcomm Snapdragon 8 Gen 2 Processor1 Year Manufacturer Warranty for Device and 6 Months Manufacturer Warranty for In-Box Accessories,"38,891 Ratings & 2,733 Reviews",4.6,49999.0,891.0,733.0,8.0,256.0,6.1,50.0,3900.0,1.0
"vivo V40 Pro 5G (Ganges Blue, 256 GB)",8 GB RAM | 256 GB ROM17.22 cm (6.78 inch) Full HD+ Display50MP + 50MP + 50MP | 50MP Front Camera5500 mAh BatteryDimensity 9200+ Processor1 Year Warranty on Handset and 6 Months Warranty on Accessories,"1,089 Ratings & 137 Reviews",4.4,49999.0,89.0,137.0,8.0,256.0,6.78,50.0,5500.0,1.0
"SAMSUNG Galaxy S24 FE 5G (Mint, 128 GB)",8 GB RAM | 128 GB ROM17.02 cm (6.7 inch) Full HD+ Display50MP + 12MP | 10MP Front Camera4700 mAh BatteryExynos 2400e Processor1 Year Manufacturer Warranty for Device and 6 Months for In-Box Accessories,695 Ratings & 59 Reviews,4.5,41515.0,695.0,59.0,8.0,128.0,6.7,50.0,4700.0,1.0
"SAMSUNG Galaxy S24 FE 5G (Graphite, 256 GB)",8 GB RAM | 256 GB ROM17.02 cm (6.7 inch) Full HD+ Display50MP + 12MP | 10MP Front Camera4700 mAh BatteryExynos 2400e Processor1 Year Manufacturer Warranty for Device and 6 Months for In-Box Accessories,695 Ratings & 59 Reviews,4.5,47990.0,695.0,59.0,8.0,256.0,6.7,50.0,4700.0,1.0
"Honor 200 Pro 5G (Black, 512 GB)",12 GB RAM | 512 GB ROM17.22 cm (6.78 inch) Full HD+ Super AMOLED Display50MP + 50MP + 12MP | 50MP Front Camera5200 mAh BatterySnapdragon 8s Gen 3 Processor1 year manufacturer's warranty for handset & 6 months for accessories,20 Ratings & 3 Reviews,4.1,41999.0,20.0,3.0,12.0,512.0,6.78,50.0,5200.0,1.0
"realme GT 5G (Dashing Silver, 128 GB)",8 GB RAM | 128 GB ROM16.33 cm (6.43 inch) Full HD+ Display64MP + 8MP + 2MP | 16MP Front Camera4500 mAh BatteryQualcomm Snapdragon 888 Processor1 Year Warranty for Mobile and 6 Months for Accessories,"1,574 Ratings & 184 Reviews",4.2,40999.0,574.0,184.0,8.0,128.0,6.43,50.0,4500.0,1.0
"SAMSUNG Galxy S24 FE 5G (Mint, 128 GB)",8 GB RAM | 128 GB ROM17.02 cm (6.7 inch) Full HD+ Display50MP + 12MP | 10MP Front Camera4700 mAh BatteryExynos 2400e Processor1 Year Manufacturer Warranty for Device and 6 Months for In-Box Accessories,122 Ratings & 10 Reviews,4.5,41999.0,122.0,10.0,8.0,128.0,6.7,50.0,4700.0,1.0
"SAMSUNG Galaxy A56 5G (Awesome Graphite, 256 GB)",12 GB RAM | 256 GB ROM17.02 cm (6.7 inch) Full HD+ Display50MP + 12MP + 5MP | 12MP Front Camera5000 mAh BatteryExynos 1580 Processor1 Year Manufacturer Warranty for Device and 6 Months for In-Box Accessories,38 Ratings & 6 Reviews,4.6,47999.0,38.0,6.0,12.0,256.0,6.7,50.0,5000.0,1.0
"Honor 200 Pro 5G (Ocean Cyan, 512 GB)",12 GB RAM | 512 GB ROM17.22 cm (6.78 inch) Full HD+ Super AMOLED Display50MP + 50MP + 12MP | 50MP Front Camera5200 mAh BatterySnapdragon 8s Gen 3 Processor1 year manufacturer's warranty for handset & 6 months for accessories,20 Ratings & 3 Reviews,4.1,41999.0,20.0,3.0,12.0,512.0,6.78,50.0,5200.0,1.0
"OnePlus 12R (Iron Grey, 256 GB)",16 GB RAM | 256 GB ROM17.22 cm (6.78 inch) Display50MP Rear Camera5500 mAh Battery1 Year Brand Warranty,"4,290 Ratings & 269 Reviews",4.5,42399.0,290.0,269.0,16.0,256.0,6.78,50.0,5500.0,1.0
"vivo V50 5G (Starry Night, 512 GB)",12 GB RAM | 512 GB ROM17.2 cm (6.77 inch) Display50MP + 50MP | 50MP Front Camera6000 mAh Battery7 Gen 3 Processor1 Year Manufacturer Warranty for Device and 6 Months Warranty for Inbox Accessories,658 Ratings & 76 Reviews,4.5,40999.0,658.0,76.0,12.0,512.0,6.77,50.0,6000.0,1.0
"IQOO Neo9 Pro (Conqueror Black, 256 GB)",8 GB RAM | 256 GB ROM17.22 cm (6.78 inch) Display50MP Rear Camera5160 mAh Battery1 Year,591 Ratings & 38 Reviews,4.5,41990.0,591.0,38.0,8.0,256.0,6.78,50.0,5160.0,1.0
"OPPO Reno 12 Pro 5G (Sunset Gold, 512 GB)",12 GB RAM | 512 GB ROM | Expandable Upto 1 TB17.02 cm (6.7 inch) Full HD+ Display50MP + 8MP + 50MP | 50MP Front Camera5000 mAh BatteryDimensity 7300 Energy Processor1 Year Manufacturer Warranty for Device and 6 Months Manufacturer Warranty for Inbox Accessories,"4,617 Ratings & 380 Reviews",4.4,40999.0,617.0,380.0,12.0,512.0,6.7,50.0,5000.0,1.0
"realme GT NEO 3 (150W) (Asphalt Black, 256 GB)",12 GB RAM | 256 GB ROM17.02 cm (6.7 inch) Full HD+ Display50MP + 8MP + 2MP | 16MP Front Camera4500 mAh Lithium Ion BatteryMediatek Dimensity 8100 Processor1 Year Manufacturer Warranty for Phone and 6 Months Warranty for In-Box Accessories,840 Ratings & 90 Reviews,4.3,42999.0,840.0,90.0,12.0,256.0,6.7,50.0,4500.0,1.0
"Google Pixel 8a (Obsidian, 256 GB)",8 GB RAM | 256 GB ROM15.49 cm (6.1 inch) Full HD+ Display64MP + 13MP | 13MP Front Camera4404 mAh BatteryTensor G3 Processor1 Year Domestic Warranty,"3,956 Ratings & 346 Reviews",4.3,44999.0,956.0,346.0,8.0,256.0,6.1,50.0,4404.0,1.0
"vivo V40 5G (Lotus Purple, 512 GB)",12 GB RAM | 512 GB ROM17.22 cm (6.78 inch) Full HD+ Display50MP + 50MP | 50MP Front Camera5500 mAh BatterySnapdragon 7 Gen 3 Processor1 Year Warranty on Handset and 6 Months Warranty on Accessories,"1,088 Ratings & 106 Reviews",4.6,42999.0,88.0,106.0,12.0,512.0,6.78,50.0,5500.0,1.0
"Google Pixel 8 (Hazel, 256 GB)",8 GB RAM | 256 GB ROM15.75 cm (6.2 inch) Full HD+ Display50MP + 12MP | 10.5MP Front Camera4575 mAh BatteryTensor G3 Processor1 Year Domestic Warranty,"17,932 Ratings & 1,405 Reviews",4.4,47999.0,932.0,405.0,8.0,256.0,6.2,50.0,4575.0,1.0
"OnePlus 12R (Cool Blue, 256 GB)",16 GB RAM | 256 GB ROM17.22 cm (6.78 inch) Display50MP Rear Camera5500 mAh Battery1 Year Brand Warranty,"4,290 Ratings & 269 Reviews",4.5,40229.0,290.0,269.0,16.0,256.0,6.78,50.0,5500.0,1.0
"SAMSUNG Galaxy S23 5G (Phantom Black, 128 GB)",8 GB RAM | 128 GB ROM15.49 cm (6.1 inch) Full HD+ Display50MP + 10MP + 12MP | 12MP Front Camera3900 mAh Lithium Ion BatteryQualcomm Snapdragon 8 Gen 2 Processor1 Year Manufacturer Warranty for Device and 6 Months Manufacturer Warranty for In-Box Accessories,"36,671 Ratings & 2,486 Reviews",4.6,44999.0,671.0,486.0,8.0,128.0,6.1,50.0,3900.0,1.0
"Xiaomi 14 CIVI (Aqua Blue, 512 GB)",12 GB RAM | 512 GB ROM16.64 cm (6.55 inch) Display50MP Rear Camera | 32MP + 32MP Dual Front Camera4700 mAh Battery8s Gen 3 Mobile Platform Processor1 Year Manufacturer Warranty for Phone and 6 Months Warranty for In the Box Accessories,591 Ratings & 52 Reviews,4.3,44999.0,591.0,52.0,12.0,512.0,6.55,50.0,4700.0,1.0
"SAMSUNG S23 5G (Green, 128 GB)",8 GB RAM | 128 GB ROM15.49 cm (6.1 inch) Full HD+ Display50MP + 10MP + 12MP | 12MP Front Camera3900 mAh Lithium Ion BatteryQualcomm Snapdragon 8 Gen 2 Processor1 Year Manufacturer Warranty for Device and 6 Months Manufacturer Warranty for In-Box Accessories,"38,891 Ratings & 2,733 Reviews",4.6,44999.0,891.0,733.0,8.0,128.0,6.1,50.0,3900.0,1.0
"vivo X90 (Asteroid Black, 256 GB)",8 GB RAM | 256 GB ROM17.22 cm (6.78 inch) Full HD+ Display50MP + 12MP + 12MP | 32MP Front Camera4810 mAh BatteryDimensity 9200 Processor1 Year Handset and 6 Months Accessories,"1,072 Ratings & 166 Reviews",4.4,42990.0,72.0,166.0,8.0,256.0,6.78,50.0,4810.0,1.0
"SAMSUNG Galaxy S24 FE 5G (Graphite, 128 GB)",8 GB RAM | 128 GB ROM17.02 cm (6.7 inch) Full HD+ Display50MP + 12MP | 10MP Front Camera4700 mAh BatteryExynos 2400e Processor1 Year Manufacturer Warranty for Device and 6 Months for In-Box Accessories,695 Ratings & 59 Reviews,4.5,41919.0,695.0,59.0,8.0,128.0,6.7,50.0,4700.0,1.0
"SAMSUNG Galaxy A56 5G (Awesome Light Gray, 256 GB)",12 GB RAM | 256 GB ROM17.02 cm (6.7 inch) Full HD+ Display50MP + 12MP + 5MP | 12MP Front Camera5000 mAh BatterySamsung Exynos 1580 Processor1 Year Manufacturer Warranty for Device and 6 Months for In-Box Accessories,38 Ratings & 6 Reviews,4.6,47800.0,38.0,6.0,12.0,256.0,6.7,50.0,5000.0,1.0
"OPPO Reno13 Pro 5G (Graphite Grey, 256 GB)",12 GB RAM | 256 GB ROM17.35 cm (6.83 inch) Display50MP + 50MP + 8MP | 50MP Front Camera5800 mAh BatteryDimensity 8350 Processor1 Year Warranty on Handset and 6 Months Warranty on Accessories,707 Ratings & 106 Reviews,4.5,49999.0,707.0,106.0,12.0,256.0,6.83,50.0,5800.0,1.0
"SAMSUNG Galaxy A56 5G (Awesome Light Gray, 128 GB)",8 GB RAM | 128 GB ROM17.02 cm (6.7 inch) Full HD+ Display50MP + 12MP + 5MP | 12MP Front Camera5000 mAh BatterySamsung Exynos 1580 Processor1 Year Manufacturer Warranty for Device and 6 Months for In-Box Accessories,57 Ratings & 4 Reviews,4.6,41990.0,57.0,4.0,8.0,128.0,6.7,50.0,5000.0,1.0
"SAMSUNG Galaxy A55 5G (Awesome Iceblue, 256 GB)",12 GB RAM | 256 GB ROM | Expandable Upto 1 TB16.76 cm (6.6 inch) Full HD+ Display50MP + 12MP + 5MP | 32MP Front Camera5000 mAh BatteryExynos 1480 Processor1 Year Manufacturer Warranty for Device and 6 Months for In-Box Accessories,429 Ratings & 38 Reviews,4.3,45999.0,429.0,38.0,12.0,256.0,6.6,50.0,5000.0,1.0
"Xiaomi 14 CIVI (Cruise Blue, 512 GB)",12 GB RAM | 512 GB ROM16.64 cm (6.55 inch) Display50MP Rear Camera | 32MP + 32MP Dual Front Camera4700 mAh Battery8s Gen 3 Mobile Platform Processor1 Year Manufacturer Warranty for Phone and 6 Months Warranty for In the Box Accessories,591 Ratings & 52 Reviews,4.3,43999.0,591.0,52.0,12.0,512.0,6.55,50.0,4700.0,1.0
"Xiaomi 14 CIVI (Hot Pink, 512 GB)",12 GB RAM | 512 GB ROM16.64 cm (6.55 inch) Display50MP Rear Camera | 32MP + 32MP Dual Front Camera4700 mAh Battery8s Gen 3 Mobile Platform Processor1 Year Manufacturer Warranty for Phone and 6 Months Warranty for In the Box Accessories,591 Ratings & 52 Reviews,4.3,44999.0,591.0,52.0,12.0,512.0,6.55,50.0,4700.0,1.0
"vivo X80 (Cosmic Black, 128 GB)",8 GB RAM | 128 GB ROM17.22 cm (6.78 inch) Full HD+ Display50MP + 12MP + 12MP | 32MP Front Camera4500 mAh Lithium BatteryMediatek Dimensity 9000 Processor1 Year on Handset and 6 Months on Accessories,"1,047 Ratings & 179 Reviews",4.4,54999.0,47.0,179.0,8.0,128.0,6.78,50.0,4500.0,1.0
"vivo V25 Pro 5G (Sailing Blue, 256 GB)",12 GB RAM | 256 GB ROM16.66 cm (6.56 inch) Full HD+ Display64MP + 8MP + 2MP | 32MP Front Camera4830 mAh Lithium BatteryMediatek Dimensity 1300 ProcessorColor Changing Fluorite AG Glass Design120 Hz 3D Curve Display1 Year on Handset and 6 Months on Accessories,"1,713 Ratings & 188 Reviews",4.3,23679.0,713.0,188.0,12.0,256.0,6.56,50.0,4830.0,1.0
"vivo X90 (Asteroid Black, 256 GB)",12 GB RAM | 256 GB ROM17.22 cm (6.78 inch) Full HD+ Display50MP + 12MP + 12MP | 32MP Front Camera4810 mAh BatteryDimensity 9200 Processor1 Year Handset and 6 Months Accessories,506 Ratings & 61 Reviews,4.3,48778.0,506.0,61.0,12.0,256.0,6.78,50.0,4810.0,1.0
"SAMSUNG Galaxy S23 5G (Cream, 128 GB)",8 GB RAM | 128 GB ROM15.49 cm (6.1 inch) Full HD+ Display50MP + 10MP + 12MP | 12MP Front Camera3900 mAh Lithium Ion BatteryQualcomm Snapdragon 8 Gen 2 Processor1 Year Manufacturer Warranty for Device and 6 Months Manufacturer Warranty for In-Box Accessories,"36,671 Ratings & 2,486 Reviews",4.6,44999.0,671.0,486.0,8.0,128.0,6.1,50.0,3900.0,1.0
"Infinix Zero Flip 5G (Blossom Glow, 512 GB)",8 GB RAM | 512 GB ROM17.53 cm (6.9 inch) Full HD+ Display50MP + 50MP | 50MP Front Camera4720 mAh Lithium-ion Polymer BatteryDimensity 8020 ProcessorStandard 1 Year on Handset and 6 Months on Accessories. Physical and Liquid Damange Not Covered Under The Standard Warranty.,188 Ratings & 53 Reviews,4.3,49999.0,188.0,53.0,8.0,512.0,6.9,50.0,4720.0,1.0
"SAMSUNG S23 5G (Cream, 256 GB)",8 GB RAM | 256 GB ROM15.49 cm (6.1 inch) Full HD+ Display50MP + 10MP + 12MP | 12MP Front Camera3900 mAh Lithium Ion BatteryQualcomm Snapdragon 8 Gen 2 Processor1 Year Manufacturer Warranty for Device and 6 Months Manufacturer Warranty for In-Box Accessories,"38,891 Ratings & 2,733 Reviews",4.6,49999.0,891.0,733.0,8.0,256.0,6.1,50.0,3900.0,1.0
"SAMSUNG Galaxy A55 5G (Awesome Navy, 256 GB)",12 GB RAM | 256 GB ROM | Expandable Upto 1 TB16.76 cm (6.6 inch) Full HD+ Display50MP + 12MP + 5MP | 32MP Front Camera5000 mAh BatterySamsung Exynos 1480 Processor1 Year Manufacturer Warranty for Device and 6 Months for In-Box Accessories,429 Ratings & 38 Reviews,4.3,39990.0,429.0,38.0,12.0,256.0,6.6,50.0,5000.0,1.0
"OnePlus 10 Pro 5G (Volcanic Black, 128 GB)",8 GB RAM | 128 GB ROM17.02 cm (6.7 inch) Display48MP Rear Camera | 32MP Front Camera5000 mAh Battery1 Year Manufacturer Warranty for Handset and 6 Months Warranty for In the Box Accessories,778 Ratings & 50 Reviews,4.2,45999.0,778.0,50.0,8.0,128.0,6.7,48.0,5000.0,1.0
"IQOO 12 5G (Alpha, 512 GB)",16 GB RAM | 512 GB ROM17.22 cm (6.78 inch) Display50MP Rear Camera5000 mAh Battery1 Year Brand Warranty,9 Ratings & 1 Reviews,4.2,49995.0,9.0,1.0,16.0,512.0,6.78,50.0,5000.0,1.0
"Samsung Galaxy S21 FE 5G with Snapdragon 888 (Olive, 128 GB)",8 GB RAM | 128 GB ROM16.26 cm (6.4 inch) Full HD+ Display12MP + 12MP + 8MP (OIS) | 32MP Front Camera4500 mAh Lithium-ion BatterySnapdragon 888 Processor1 Year Manufacturer Warranty for Device and 6 Months Manufacturer Warranty for In-Box Accessories,"1,39,813 Ratings & 13,126 Reviews",4.3,45999.0,813.0,126.0,8.0,128.0,6.4,50.0,4500.0,1.0
"SAMSUNG Galaxy A56 5G (Awesome Light Gray, 256 GB)",8 GB RAM | 256 GB ROM17.02 cm (6.7 inch) Full HD+ Display50MP + 12MP + 5MP | 12MP Front Camera5000 mAh BatterySamsung Exynos 1580 Processor1 Year Manufacturer Warranty for Device and 6 Months for In-Box Accessories,57 Ratings & 4 Reviews,4.6,44999.0,57.0,4.0,8.0,256.0,6.7,50.0,5000.0,1.0
"OPPO Reno 12 Pro 5G (Space Brown, 512 GB)",12 GB RAM | 512 GB ROM | Expandable Upto 1 TB17.02 cm (6.7 inch) Full HD+ Display50MP + 8MP + 50MP | 50MP Front Camera5000 mAh BatteryDimensity 7300 Energy Processor1 Year Manufacturer Warranty for Device and 6 Months Manufacturer Warranty for Inbox Accessories,"4,617 Ratings & 380 Reviews",4.4,40999.0,617.0,380.0,12.0,512.0,6.7,50.0,5000.0,1.0
"SAMSUNG Galaxy A56 5G (Awesome Olive, 256 GB)",12 GB RAM | 256 GB ROM17.02 cm (6.7 inch) Full HD+ Display50MP + 12MP + 5MP | 12MP Front Camera5000 mAh BatterySamsung Exynos 1580 Processor1 Year Manufacturer Warranty for Device and 6 Months for In-Box Accessories,38 Ratings & 6 Reviews,4.6,47999.0,38.0,6.0,12.0,256.0,6.7,50.0,5000.0,1.0
"Infinix Zero Flip 5G (Rock Black, 512 GB)",8 GB RAM | 512 GB ROM17.53 cm (6.9 inch) Full HD+ Display50MP + 50MP | 50MP Front Camera4720 mAh Lithium-ion Polymer BatteryDimensity 8020 ProcessorStandard 1 Year on Handset and 6 Months on Accessories. Physical and Liquid Damange Not Covered Under The Standard Warranty.,188 Ratings & 53 Reviews,4.3,49999.0,188.0,53.0,8.0,512.0,6.9,50.0,4720.0,1.0
"Samsung Galaxy S21 FE 5G with Snapdragon 888 (Navy, 128 GB)",8 GB RAM | 128 GB ROM16.26 cm (6.4 inch) Full HD+ Display12MP + 12MP + 8MP (OIS) | 32MP Front Camera4500 mAh Lithium-ion BatterySnapdragon 888 Processor1 Year Manufacturer Warranty for Device and 6 Months Manufacturer Warranty for In-Box Accessories,"1,39,813 Ratings & 13,126 Reviews",4.3,45999.0,813.0,126.0,8.0,128.0,6.4,50.0,4500.0,1.0
"Xiaomi 12 Pro 5G (Couture Blue, 256 GB)",12 GB RAM | 256 GB ROM17.09 cm (6.73 inch) Full HD+ Display50MP + 50MP + 50MP | 32MP Front Camera4600 mAh Lithium Polymer BatterySnapdragon 8 Gen 1 Processor1 Year Manufacturer Warranty for Phone and 6 Months Warranty for In the Box Accessories,"1,060 Ratings & 120 Reviews",4.1,41999.0,60.0,120.0,12.0,256.0,6.73,50.0,4600.0,1.0
"SAMSUNG S7 (Gold Platinum, 32 GB)",4 GB RAM | 32 GB ROM | Expandable Upto 200 GB12.95 cm (5.1 inch) Quad HD Display12MP Rear Camera | 5MP Front Camera3000 mAh Li-Ion BatteryExynos 8890 Octa Core 2.3GHz ProcessorBrand Warranty of 1 Year Available for Mobile and 6 Months for Accessories,"17,615 Ratings & 3,068 Reviews",4.4,46000.0,615.0,68.0,4.0,32.0,5.1,12.0,3000.0,1.0
"Google Pixel 8 (Rose, 128 GB)",8 GB RAM | 128 GB ROM15.75 cm (6.2 inch) Full HD+ Display50MP + 12MP | 10.5MP Front Camera4575 mAh BatteryTensor G3 Processor1 Year Domestic Warranty,"17,932 Ratings & 1,405 Reviews",4.4,44999.0,932.0,405.0,8.0,128.0,6.2,50.0,4575.0,1.0
"SAMSUNG Galaxy S23 5G (Lavender, 256 GB)",8 GB RAM | 256 GB ROM15.49 cm (6.1 inch) Full HD+ Display50MP + 10MP + 12MP | 12MP Front Camera3900 mAh Lithium Ion BatteryQualcomm Snapdragon 8 Gen 2 Processor1 Year Manufacturer Warranty for Device and 6 Months Manufacturer Warranty for In-Box Accessories,"36,671 Ratings & 2,486 Reviews",4.6,49999.0,671.0,486.0,8.0,256.0,6.1,50.0,3900.0,1.0
"Google Pixel 8 (Obsidian, 128 GB)",8 GB RAM | 128 GB ROM15.75 cm (6.2 inch) Full HD+ Display50MP + 12MP | 10.5MP Front Camera4575 mAh BatteryTensor G3 Processor1 Year Domestic Warranty,"17,932 Ratings & 1,405 Reviews",4.4,44999.0,932.0,405.0,8.0,128.0,6.2,50.0,4575.0,1.0
"Apple iPhone 11 (Black, 128 GB)",128 GB ROM15.49 cm (6.1 inch) Liquid Retina HD Display12MP + 12MP | 12MP Front CameraA13 Bionic Chip Processor1 year warranty for phone and 1 year warranty for in Box Accessories.,"1,43,053 Ratings & 7,649 Reviews",4.6,48900.0,53.0,649.0,8.0,128.0,6.1,50.0,5000.0,1.0
"IQOO 3 (Quantum Silver, 256 GB)","8 GB RAM | 256 GB ROM16.36 cm (6.44 inch) Full HD+ Display48MP + 13MP + 13MP + 2MP | 16MP Front Camera4440 mAh Li-ion BatteryQualcomm Snapdragon 865 ProcessorIn-Display Fingerprint Sensor, Monster Touch Buttons55 W Super Flash ChargeSuper AMOLED DisplayBrand Warranty of 1 Year Available for Mobile and Accessories","18,217 Ratings & 2,836 Reviews",4.5,40990.0,217.0,836.0,8.0,256.0,6.44,50.0,4440.0,1.0
"Samsung Galaxy S21 FE 5G with Snapdragon 888 (Graphite, 128 GB)",8 GB RAM | 128 GB ROM16.26 cm (6.4 inch) Full HD+ Display12MP + 12MP + 8MP (OIS) | 32MP Front Camera4500 mAh Lithium-ion BatterySnapdragon 888 Processor1 Year Manufacturer Warranty for Device and 6 Months Manufacturer Warranty for In-Box Accessories,"11,608 Ratings & 947 Reviews",4.4,45999.0,608.0,947.0,8.0,128.0,6.4,50.0,4500.0,1.0
"Apple 12 (White, 64 GB)","64 GB ROM15.49 cm (6.1 inch) Super Retina XDR Display12MP + 12MP | 12MP Front CameraA14 Bionic Chip with Next Generation Neural Engine ProcessorCeramic ShieldIndustry-leading IP68 Water ResistanceAll Screen OLED Display12MP TrueDepth Front Camera with Night Mode, 4K Dolby Vision HDR Recording1 year warranty for phone and 1 year warranty for in Box Accessories.","52,421 Ratings & 3,556 Reviews",4.6,48900.0,421.0,556.0,8.0,64.0,6.1,50.0,5000.0,1.0
"SAMSUNG Galaxy A56 5G (Awesome Graphite, 128 GB)",8 GB RAM | 128 GB ROM17.02 cm (6.7 inch) Full HD+ Display50MP + 12MP + 5MP | 12MP Front Camera5000 mAh BatterySamsung Exynos 1580 Processor1 Year Manufacturer Warranty for Device and 6 Months for In-Box Accessories,57 Ratings & 4 Reviews,4.6,44695.0,57.0,4.0,8.0,128.0,6.7,50.0,5000.0,1.0
"SAMSUNG A52s 5G (Awesome Black, 128 GB)",8 GB RAM | 128 GB ROM | Expandable Upto 1 TB16.51 cm (6.5 inch) Full HD+ Display64MP + 12MP + 5MP + 5MP | 32MP Front Camera4500 mAh Li-ion BatteryQualcomm Snapdragon 778G Processor1 Year Manufacturer Warranty for Device and 6 Months Manufacturer Warranty for In-box Accessories,"1,036 Ratings & 127 Reviews",4.2,40999.0,36.0,127.0,8.0,128.0,6.5,50.0,4500.0,1.0
"Google Pixel 6a (Chalk, 128 GB)",6 GB RAM | 128 GB ROM15.6 cm (6.14 inch) Full HD+ Display12.2MP + 12MP | 8MP Front Camera4410 mAh BatteryGoogle Tensor Processor1 Year Brand Warranty,"75,409 Ratings & 8,533 Reviews",4.3,43999.0,409.0,533.0,6.0,128.0,6.14,50.0,4410.0,1.0
"Apple iPhone 12 (Blue, 64 GB)","64 GB ROM15.49 cm (6.1 inch) Super Retina XDR Display12MP + 12MP | 12MP Front CameraA14 Bionic Chip with Next Generation Neural Engine ProcessorCeramic ShieldIndustry-leading IP68 Water ResistanceAll Screen OLED Display12MP TrueDepth Front Camera with Night Mode, 4K Dolby Vision HDR Recording1 year warranty for phone and 1 year warranty for in Box Accessories.","1,59,663 Ratings & 10,377 Reviews",4.6,48900.0,663.0,377.0,8.0,64.0,6.1,50.0,5000.0,1.0
"Google Pixel 8 (Hazel, 128 GB)",8 GB RAM | 128 GB ROM15.75 cm (6.2 inch) Full HD+ Display50MP + 12MP | 10.5MP Front Camera4575 mAh BatteryTensor G3 Processor1 Year Domestic Warranty,"17,932 Ratings & 1,405 Reviews",4.4,44999.0,932.0,405.0,8.0,128.0,6.2,50.0,4575.0,1.0
"SAMSUNG Galxy A56 5G (Awesome Olive, 128 GB)",8 GB RAM | 128 GB ROM17.02 cm (6.7 inch) Full HD+ Display50MP + 12MP + 5MP | 12MP Front Camera5000 mAh BatterySamsng Exynos 1580 Processor1 Year Manufacturer Warranty for Device and 6 Months for In-Box Accessories,,4.3572151898734175,41999.0,0.0,0.0,8.0,128.0,6.7,50.0,5000.0,1.0
"IQOO Neo 9 Pro (Fiery Red, 256 GB)",8 GB RAM | 256 GB ROM17.22 cm (6.78 inch) Display50MP Rear Camera5160 mAh Battery1 Year on Handset and 6 Months on Accessories,199 Ratings & 14 Reviews,4.6,41500.0,199.0,14.0,8.0,256.0,6.78,50.0,5160.0,1.0
"Google Pixel 7 Pro (Obsidian, 128 GB)",12 GB RAM | 128 GB ROM17.02 cm (6.7 inch) Quad HD+ Display50MP + 48MP + 12MP | 10.8MP Front Camera4926 mAh BatteryGoogle Tensor G2 Processor1 Year Domestic Warranty,"7,326 Ratings & 904 Reviews",4.3,44999.0,326.0,904.0,12.0,128.0,6.7,50.0,4926.0,1.0
"Xiaomi 12 Pro 5G (Noir Black, 256 GB)",12 GB RAM | 256 GB ROM17.09 cm (6.73 inch) Full HD+ Display50MP + 50MP + 50MP | 32MP Front Camera4600 mAh Lithium Polymer BatterySnapdragon 8 Gen 1 Processor1 Year Manufacturer Warranty for Phone and 6 Months Warranty for In the Box Accessories,"1,060 Ratings & 120 Reviews",4.1,41999.0,60.0,120.0,12.0,256.0,6.73,50.0,4600.0,1.0
"Google Pixel 7 Pro (Hazel, 128 GB)",12 GB RAM | 128 GB ROM17.02 cm (6.7 inch) Quad HD+ Display50MP + 48MP + 12MP | 10.8MP Front Camera4926 mAh BatteryGoogle Tensor G2 Processor1 Year Domestic Warranty,"7,326 Ratings & 904 Reviews",4.3,44999.0,326.0,904.0,12.0,128.0,6.7,50.0,4926.0,1.0
"realme X50 Pro (Moss Green, 256 GB)",12 GB RAM | 256 GB ROM16.36 cm (6.44 inch) Full HD+ Display64MP + 12MP + 8MP + 2MP | 32MP + 8MP Dual Front Camera4200 mAh Battery5G PhoneQualcomm Snapdragon 865 Processor65W Superdart ChargeBrand Warranty of 1 Year Available for Mobile and 6 Months for Accessories,"1,673 Ratings & 186 Reviews",4.4,47999.0,673.0,186.0,12.0,256.0,6.44,50.0,4200.0,1.0
"Motorola Edge 30 Fusion (Cosmic grey, 128 GB)",8 GB RAM | 128 GB ROM16.64 cm (6.55 inch) Full HD+ Display50MP + 13MP + 2MP | 32MP Front Camera4400 mAh Lithium BatteryQualcomm Snapdragon 888 + Processor1 Year on Handset and 6 Months on Accessories,"6,348 Ratings & 891 Reviews",4.2,42999.0,348.0,891.0,8.0,128.0,6.55,50.0,4400.0,1.0
"SAMSUNG A73 5G (Awesome Gray, 128 GB)",8 GB RAM | 128 GB ROM | Expandable Upto 1 TB17.02 cm (6.7 inch) Full HD+ Display108MP + 12MP + 5MP + 5MP | 32MP Front Camera5000 mAh Li-ion BatteryQualcomm Snapdragon 778G Processor1 Year Manufacturer Warranty for Device and 6 Months Manufacturer Warranty for In-Box,"1,378 Ratings & 173 Reviews",4.2,41999.0,378.0,173.0,8.0,128.0,6.7,50.0,5000.0,1.0
"Apple iPhone 8 Plus (Gold, 64 GB)","64 GB ROM13.97 cm (5.5 inch) Retina HD Display12MP + 12MP | 7MP Front CameraA11 Bionic Chip with 64-bit Architecture, Neural Engine, Embedded M11 Motion Coprocessor ProcessorBrand Warranty of 1 Year","3,155 Ratings & 316 Reviews",4.6,49900.0,155.0,316.0,8.0,64.0,5.5,50.0,5000.0,1.0
"LG G Pro 2 (Titan, 16 GB)",3 GB RAM | 16 GB ROM | Expandable Upto 64 GB14.99 cm (5.9 inch) Full HD Display13MP Rear Camera | 2.1MP Front Camera3200 mAh BatteryQualcomm MSM8974 Snapdragon 800 Krait 400 Processor1 Year Manufacturer Warranty,243 Ratings & 72 Reviews,4.5,42021.0,243.0,72.0,3.0,16.0,5.9,13.0,3200.0,1.0
"Apple iPhone 8 Plus (Silver, 64 GB)","64 GB ROM13.97 cm (5.5 inch) Retina HD Display12MP + 12MP | 7MP Front CameraA11 Bionic Chip with 64-bit Architecture, Neural Engine, Embedded M11 Motion Coprocessor ProcessorBrand Warranty of 1 Year","3,155 Ratings & 316 Reviews",4.6,49900.0,155.0,316.0,8.0,64.0,5.5,50.0,5000.0,1.0
"Google Pixel 6a (Charcoal, 128 GB)",6 GB RAM | 128 GB ROM15.6 cm (6.14 inch) Full HD+ Display12.2MP + 12MP | 8MP Front Camera4410 mAh BatteryGoogle Tensor Processor1 Year Brand Warranty,"75,409 Ratings & 8,533 Reviews",4.3,43999.0,409.0,533.0,6.0,128.0,6.14,50.0,4410.0,1.0
"Apple iPhone SE (Red, 128 GB)","128 GB ROM11.94 cm (4.7 inch) Retina HD Display12MP Rear Camera | 7MP Front CameraA13 Bionic Chip with 3rd Gen Neural Engine ProcessorWater and Dust Resistant (1 meter for Upto 30 minutes, IP67)Fast Charge CapableWireless charging (Works with Qi Chargers | Qi Chargers are Sold Separately1 year warranty for phone and 1 year warranty for in Box Accessories.","78,397 Ratings & 6,109 Reviews",4.5,44900.0,397.0,109.0,8.0,128.0,4.7,12.0,5000.0,1.0
"Apple iPhone 8 Plus (Space Grey, 64 GB)","64 GB ROM13.97 cm (5.5 inch) Retina HD Display12MP + 12MP | 7MP Front CameraA11 Bionic Chip with 64-bit Architecture, Neural Engine, Embedded M11 Motion Coprocessor ProcessorBrand Warranty of 1 Year","3,155 Ratings & 316 Reviews",4.6,49900.0,155.0,316.0,8.0,64.0,5.5,50.0,5000.0,1.0
"Apple Phone SE (Black, 128 GB)","128 GB ROM11.94 cm (4.7 inch) Retina HD Display12MP Rear Camera | 7MP Front CameraA13 Bionic Chip with 3rd Gen Neural Engine ProcessorWater and Dust Resistant (1 meter for Upto 30 minutes, IP67)Fast Charge CapableWireless charging (Works with Qi Chargers | Qi Chargers are Sold Separately1 year warranty for phone and 1 year warranty for in Box Accessories.","6,414 Ratings & 443 Reviews",4.4,44900.0,414.0,443.0,8.0,128.0,4.7,12.0,5000.0,1.0
"Apple SE 3rd Gen (Product (Red), 64 GB)","64 GB ROM11.94 cm (4.7 inch) Retina HD Display12MP Rear Camera | 7MP Front CameraA15 Bionic Chip, 6 Core Processor Processor1 year warranty for phone and 1 year warranty for in Box Accessories.",405 Ratings & 41 Reviews,4.4,47600.0,405.0,41.0,8.0,64.0,4.7,12.0,5000.0,1.0
"Apple iPhone XR (Yellow, 64 GB) (Includes EarPods, Power Adapter)",64 GB ROM15.49 cm (6.1 inch) Display12MP Rear Camera | 7MP Front CameraA12 Bionic Chip ProcessoriOS 13 Compatible1 year warranty for phone and 1 year warranty for in Box Accessories.,"63,992 Ratings & 5,233 Reviews",4.6,47900.0,992.0,233.0,8.0,64.0,6.1,12.0,5000.0,1.0
"Apple iPhone XR (White, 64 GB) (Includes EarPods, Power Adapter)",64 GB ROM15.49 cm (6.1 inch) Display12MP Rear Camera | 7MP Front CameraA12 Bionic Chip ProcessoriOS 13 Compatible1 year warranty for phone and 1 year warranty for in Box Accessories.,"28,715 Ratings & 2,476 Reviews",4.6,47900.0,715.0,476.0,8.0,64.0,6.1,12.0,5000.0,1.0
"realme GT 6 (Fluid Silver, 512 GB)",16 GB RAM | 512 GB ROM17.22 cm (6.78 inch) Full HD+ Display50MP + 8MP + 50MP | 32MP Front Camera5500 mAh Battery8s Gen 3 Mobile Platform Processor1 Year Manufacturer Warranty for Device and 6 Months Manufacturer Warranty for Inbox Accessories,"4,200 Ratings & 480 Reviews",4.5,37999.0,200.0,480.0,16.0,512.0,6.78,50.0,5500.0,1.0
"realme 14 Pro+ 5G (Suede Grey, 512 GB)",12 GB RAM | 512 GB ROM17.35 cm (6.83 inch) Display50MP + 50MP + 8MP | 32MP Front Camera6000 mAh Battery7s Gen 3 Mobile Platform Processor1 Year Manufacturer Warranty for Device and 6 Months Manufacturer Warranty for Inbox Accessories,"3,026 Ratings & 428 Reviews",4.4,37999.0,26.0,428.0,12.0,512.0,6.83,50.0,6000.0,1.0
"vivo V50 5G (Rose Red, 256 GB)",8 GB RAM | 256 GB ROM17.2 cm (6.77 inch) Display50MP + 50MP | 50MP Front Camera6000 mAh Battery7 Gen 3 Processor1 Year Manufacturer Warranty for Device and 6 Months Warranty for Inbox Accessories,"2,385 Ratings & 259 Reviews",4.5,36999.0,385.0,259.0,8.0,256.0,6.77,50.0,6000.0,1.0
"OnePlus 12R (Sunset Dune, 256 GB)",8 GB RAM | 256 GB ROM17.22 cm (6.78 inch) Display50MP Rear Camera5500 mAh Battery1 Year Brand Warranty,"6,955 Ratings & 453 Reviews",4.5,35900.0,955.0,453.0,8.0,256.0,6.78,50.0,5500.0,1.0
"Xiaomi 14 CIVI (Cruise Blue, 256 GB)",8 GB RAM | 256 GB ROM16.64 cm (6.55 inch) Display50MP Rear Camera | 32MP + 32MP Dual Front Camera4700 mAh Battery8s Gen 3 Mobile Platform Processor1 Year Manufacturer Warranty for Phone and 6 Months Warranty for In the Box Accessories,"1,298 Ratings & 161 Reviews",4.3,39999.0,298.0,161.0,8.0,256.0,6.55,50.0,4700.0,1.0
"realme GT 6 (Razor Green, 512 GB)",16 GB RAM | 512 GB ROM17.22 cm (6.78 inch) Full HD+ Display50MP + 8MP + 50MP | 32MP Front Camera5500 mAh Battery8s Gen 3 Mobile Platform Processor1 Year Manufacturer Warranty for Device and 6 Months Manufacturer Warranty for Inbox Accessories,"4,200 Ratings & 480 Reviews",4.5,39999.0,200.0,480.0,16.0,512.0,6.78,50.0,5500.0,1.0
"realme 14 Pro+ 5G (Pearl White, 512 GB)",12 GB RAM | 512 GB ROM17.35 cm (6.83 inch) Display50MP + 50MP + 8MP | 32MP Front Camera6000 mAh Battery7s Gen 3 Mobile Platform Processor1 Year Manufacturer Warranty for Device and 6 Months Manufacturer Warranty for Inbox Accessories,"3,026 Ratings & 428 Reviews",4.4,37999.0,26.0,428.0,12.0,512.0,6.83,50.0,6000.0,1.0
"vivo V50 5G (Starry Night, 256 GB)",8 GB RAM | 256 GB ROM17.2 cm (6.77 inch) Display50MP + 50MP | 50MP Front Camera6000 mAh Battery7 Gen 3 Processor1 Year Manufacturer Warranty for Device and 6 Months Warranty for Inbox Accessories,"2,385 Ratings & 259 Reviews",4.5,36999.0,385.0,259.0,8.0,256.0,6.77,50.0,6000.0,1.0
"realme GT 6 (Razor Green, 256 GB)",12 GB RAM | 256 GB ROM17.22 cm (6.78 inch) Full HD+ Display50MP + 8MP + 50MP | 32MP Front Camera5500 mAh Battery8s Gen 3 Mobile Platform Processor1 Year Manufacturer Warranty for Device and 6 Months Manufacturer Warranty for Inbox Accessories,965 Ratings & 97 Reviews,4.5,35999.0,965.0,97.0,12.0,256.0,6.78,50.0,5500.0,1.0
"OPPO Reno13 5G (Luminous Blue, 256 GB)",8 GB RAM | 256 GB ROM16.74 cm (6.59 inch) Display50MP + 8MP + 2MP | 50MP Front Camera5600 mAh BatteryDimensity 8350 Processor1 Year Warranty on Handset and 6 Months Warranty on Accessories,"2,501 Ratings & 350 Reviews",4.4,39999.0,501.0,350.0,8.0,256.0,6.59,50.0,5600.0,1.0
"OnePlus Nord 4 5G (Mercurial Silver, 256 GB)",12 GB RAM | 256 GB ROM17.12 cm (6.74 inch) Display50MP Rear Camera5500 mAh Battery1 Year,424 Ratings & 19 Reviews,4.5,30758.0,424.0,19.0,12.0,256.0,6.74,50.0,5500.0,1.0
"IQOO NEO9 PRO (Fiery Red, 128 GB)",8 GB RAM | 128 GB ROM17.22 cm (6.78 inch) Display50MP Rear Camera5160 mAh Battery1 Year,591 Ratings & 38 Reviews,4.5,32899.0,591.0,38.0,8.0,128.0,6.78,50.0,5160.0,1.0
"vivo V50 5G (Titanium Grey, 256 GB)",8 GB RAM | 256 GB ROM17.2 cm (6.77 inch) Display50MP + 50MP | 50MP Front Camera6000 mAh Battery7 Gen 3 Processor1 Year Manufacturer Warranty for Device and 6 Months Warranty for Inbox Accessories,"2,385 Ratings & 259 Reviews",4.5,36999.0,385.0,259.0,8.0,256.0,6.77,50.0,6000.0,1.0
"Mi 10T (Lunar Silver, 128 GB)",8 GB RAM | 128 GB ROM16.94 cm (6.67 inch) Full HD+ Display64MP + 13MP + 5MP | 20MP Front Camera5000 mAh Li-ion Polymer BatteryQualcomm Snapdragon 865 Processor144Hz Intelligent AdaptiveSync Display33W Dual Split Flash Charge1 Year Manufacturer Warranty for Device and 6 Months Manufacturer Warranty for In-box Accessories,"3,859 Ratings & 476 Reviews",4.1,42999.0,859.0,476.0,8.0,128.0,6.67,50.0,5000.0,1.0
"IQOO 9T 5G (ALPHA, 128 GB)",8 GB RAM | 128 GB ROM17.22 cm (6.78 inch) Display50MP Rear Camera4700 mAh Battery1 Year,101 Ratings & 11 Reviews,4.1,45799.0,101.0,11.0,8.0,128.0,6.78,50.0,4700.0,1.0
"SAMSUNG Galaxy A36 5G (Awesome Lavender, 256 GB)",12 GB RAM | 256 GB ROM17.02 cm (6.7 inch) Full HD+ Display50MP + 8MP | 12MP Front Camera5000 mAh BatteryQualcomm Snapdragon 6 Gen 3 Processor1 Year Manufacturer Warranty for Device and 6 Months for In-Box Accessories,21 Ratings & 3 Reviews,4.2,36999.0,21.0,3.0,12.0,256.0,6.7,50.0,5000.0,1.0
"Xiaomi 14 CIVI (Shadow Black, 256 GB)",8 GB RAM | 256 GB ROM16.64 cm (6.55 inch) Display50MP Rear Camera | 32MP + 32MP Dual Front Camera4700 mAh Battery8s Gen 3 Mobile Platform Processor1 Year Manufacturer Warranty for Phone and 6 Months Warranty for In the Box Accessories,"1,298 Ratings & 161 Reviews",4.3,39999.0,298.0,161.0,8.0,256.0,6.55,50.0,4700.0,1.0
"vivo V30 Pro 5G (Andaman Blue, 512 GB)",12 GB RAM | 512 GB ROM17.22 cm (6.78 inch) Full HD+ Display50MP + 50MP + 50MP | 50MP Front Camera5000 mAh BatteryDimensity 8200 5G Processor1 Year Manufacturer Warranty for Device and 6 Months Manufacturer Warranty for Inbox Accessories,"2,204 Ratings & 257 Reviews",4.5,39999.0,204.0,257.0,12.0,512.0,6.78,50.0,5000.0,1.0
"vivo V30 Pro 5G (Classic Black, 512 GB)",12 GB RAM | 512 GB ROM17.22 cm (6.78 inch) Full HD+ Display50MP + 50MP + 50MP | 50MP Front Camera5000 mAh BatteryDimensity 8200 5G Processor1 Year Manufacturer Warranty for Device and 6 Months Manufacturer Warranty for Inbox Accessories,"2,204 Ratings & 257 Reviews",4.5,39999.0,204.0,257.0,12.0,512.0,6.78,50.0,5000.0,1.0
"SAMSUNG Galaxy A36 5G (Awesome Lavender, 256 GB)",8 GB RAM | 256 GB ROM17.02 cm (6.7 inch) Full HD+ Display50MP + 8MP | 12MP Front Camera5000 mAh BatteryQualcomm Snapdragon 6 Gen 3 Processor1 Year Manufacturer Warranty for Device and 6 Months for In-Box Accessories,78 Ratings & 6 Reviews,4.3,33999.0,78.0,6.0,8.0,256.0,6.7,50.0,5000.0,1.0
"Xiaomi 14 CIVI (Matcha Green, 256 GB)",8 GB RAM | 256 GB ROM16.64 cm (6.55 inch) Display50MP Rear Camera | 32MP + 32MP Dual Front Camera4700 mAh Battery8s Gen 3 Mobile Platform Processor1 Year Manufacturer Warranty for Phone and 6 Months Warranty for In the Box Accessories,"1,298 Ratings & 161 Reviews",4.3,39999.0,298.0,161.0,8.0,256.0,6.55,50.0,4700.0,1.0
"SAMSUNG Galaxy A55 5G (Awesome Iceblue, 128 GB)",8 GB RAM | 128 GB ROM | Expandable Upto 1 TB16.76 cm (6.6 inch) Full HD+ Display50MP + 12MP + 5MP | 32MP Front Camera5000 mAh BatterySamsung Exynos 1480 Processor1 Year Manufacturer Warranty for Device and 6 Months for In-Box Accessories,"1,414 Ratings & 124 Reviews",4.4,34999.0,414.0,124.0,8.0,128.0,6.6,50.0,5000.0,1.0
"OnePlus 12R (Iron Gray, 256 GB)","8 GB RAM | 256 GB ROM17.22 cm (6.78 inch) Display50MP Rear Camera5500 mAh Battery1 Year Warranty
1 year manufacturer warranty for device and 1 year manufacturer warranty for in-box accessories including batteries from the date of purchase","6,955 Ratings & 453 Reviews",4.5,37990.0,955.0,453.0,8.0,256.0,6.78,50.0,5500.0,1.0
"SAMSUNG Galaxy A55 5G (Awesome Navy, 256 GB)",8 GB RAM | 256 GB ROM | Expandable Upto 1 TB16.76 cm (6.6 inch) Full HD+ Display50MP + 12MP + 5MP | 32MP Front Camera5000 mAh BatteryExynos 1480 Processor1 Year Manufacturer Warranty for Device and 6 Months for In-Box Accessories,"1,414 Ratings & 124 Reviews",4.4,36999.0,414.0,124.0,8.0,256.0,6.6,50.0,5000.0,1.0
"SAMSUNG Galaxy A36 5G (Awesome White, 256 GB)",8 GB RAM | 256 GB ROM17.02 cm (6.7 inch) Full HD+ Display50MP + 8MP | 12MP Front Camera5000 mAh BatteryQualcomm Snapdragon 6 Gen 3 Processor1 Year Manufacturer Warranty for Device and 6 Months for In-Box Accessories,78 Ratings & 6 Reviews,4.3,33999.0,78.0,6.0,8.0,256.0,6.7,50.0,5000.0,1.0
"SAMSUNG Galaxy S23 FE (Mint, 256 GB)",8 GB RAM | 256 GB ROM16.26 cm (6.4 inch) Full HD+ Display50MP + 12MP | 10MP Front Camera4500 mAh BatterySamsung Exynos 2200 Processor1 Year Manufacturer Warranty for Device and 6 Months for In-Box Accessories,"69,887 Ratings & 4,312 Reviews",4.4,37999.0,887.0,312.0,8.0,256.0,6.4,50.0,4500.0,1.0
"SAMSUNG Galaxy S23 FE (Graphite, 256 GB)",8 GB RAM | 256 GB ROM16.26 cm (6.4 inch) Full HD+ Display50MP + 12MP | 10MP Front Camera4500 mAh BatterySamsung Exynos 2200 Processor1 Year Manufacturer Warranty for Device and 6 Months for In-Box Accessories,"69,887 Ratings & 4,312 Reviews",4.4,37999.0,887.0,312.0,8.0,256.0,6.4,50.0,4500.0,1.0
"realme GT 6T 5G (Fluid Silver, 256 GB)",12 GB RAM | 256 GB ROM17.22 cm (6.78 inch) Display50MP Rear Camera5500 mAh Battery1 Year,946 Ratings & 89 Reviews,4.5,29735.0,946.0,89.0,12.0,256.0,6.78,50.0,5500.0,1.0
"vivo V40 5G (Ganges Blue, 256 GB)",8 GB RAM | 256 GB ROM17.22 cm (6.78 inch) Full HD+ Display50MP + 50MP | 50MP Front Camera5500 mAh BatterySnapdragon 7 Gen 3 Processor1 Year Warranty on Handset and 6 Months Warranty on Accessories,"8,284 Ratings & 871 Reviews",4.5,36999.0,284.0,871.0,8.0,256.0,6.78,50.0,5500.0,1.0
"SAMSUNG Galaxy S23 FE (Purple, 256 GB)",8 GB RAM | 256 GB ROM16.26 cm (6.4 inch) Full HD+ Display50MP + 12MP | 10MP Front Camera4500 mAh BatteryExynos 2200 Processor1 Year Manufacturer Warranty for Device and 6 Months for In-Box Accessories,"69,887 Ratings & 4,312 Reviews",4.4,37999.0,887.0,312.0,8.0,256.0,6.4,50.0,4500.0,1.0
"IQOO Neo9 Pro (Conqueror Black, 128 GB)",8 GB RAM | 128 GB ROM17.22 cm (6.78 inch) Display50MP Rear Camera5160 mAh Battery1 Year,591 Ratings & 38 Reviews,4.5,32999.0,591.0,38.0,8.0,128.0,6.78,50.0,5160.0,1.0
"REDMI Note-14 Pro+ 5G (Spectre Blue, 512 GB)",12 GB RAM | 512 GB ROM16.94 cm (6.67 inch) Display50MP + 50MP + 8MP | 20MP Front Camera6200 mAh Battery7s Gen 3 Processor1 Year Manufacturer Warranty for Phone and 6 Months Warranty for In the Box Accessories,14 Ratings & 0 Reviews,4.6,36363.0,14.0,0.0,12.0,512.0,6.67,50.0,6200.0,1.0
"OPPO Reno13 5G (Blue, 128 GB)",8 GB RAM | 128 GB ROM16.74 cm (6.59 inch) Display50MP + 8MP + 2MP | 50MP Front Camera5600 mAh BatteryDimensity 8350 Processor1 Year Warranty on Handset and 6 Months Warranty on Accessories,"2,501 Ratings & 350 Reviews",4.4,37999.0,501.0,350.0,8.0,128.0,6.59,50.0,5600.0,1.0
"OPPO Reno13 5G (Ivory White, 256 GB)",8 GB RAM | 256 GB ROM16.74 cm (6.59 inch) Display50MP + 8MP + 2MP | 50MP Front Camera5600 mAh BatteryDimensity 8350 Processor1 Year Warranty on Handset and 6 Months Warranty on Accessories,"2,501 Ratings & 350 Reviews",4.4,39999.0,501.0,350.0,8.0,256.0,6.59,50.0,5600.0,1.0
"OPPO Reno8T 5G (Midnight Black, 128 GB)",8 GB RAM | 128 GB ROM | Expandable Upto 1 TB17.02 cm (6.7 inch) Full HD+ Display108MP + 2MP + 2MP | 32MP Front Camera4800 mAh Lithium-ion Polymer BatteryQualcomm Snapdragon 695 Processor67W SUPERVOOC TM Charger I Dual Stereo Speakers120Hz 3D Curved AMOLED Screen1 Year on Handset and 6 Months on Accessories,"17,801 Ratings & 1,466 Reviews",4.3,38999.0,801.0,466.0,8.0,128.0,6.7,50.0,4800.0,1.0
"Honor 200 5G (Moonlight White, 512 GB)",12 GB RAM | 512 GB ROM17.02 cm (6.7 inch) Full HD+ Super AMOLED Display50MP + 50MP + 12MP | 50MP Front Camera5200 mAh BatterySnapdragon 7 Gen 3 Processor1 year manufacturer's warranty for handset & 6 months for accessories,34 Ratings & 0 Reviews,4.1,34999.0,34.0,0.0,12.0,512.0,6.7,50.0,5200.0,1.0
"vivo V23 Pro 5G (Sunshine Gold, 128 GB)",8 GB RAM | 128 GB ROM16.66 cm (6.56 inch) Full HD+ Display108MP + 8MP + 2MP | 50MP + 8MP Dual Front Camera4300 mAh Lithium BatteryMediatek Dimensity 1200 Processor1 Year Manufacturer Warranty for Phone and 6 Months Warranty for In the Box Accessories,"4,222 Ratings & 422 Reviews",4.3,38990.0,222.0,422.0,8.0,128.0,6.56,50.0,4300.0,1.0
"SAMSUNG Galaxy A36 5G (Awesome Black, 256 GB)",12 GB RAM | 256 GB ROM17.02 cm (6.7 inch) Full HD+ Display50MP + 8MP | 12MP Front Camera5000 mAh BatteryQualcomm Snapdragon 6 Gen 3 Processor1 Year Manufacturer Warranty for Device and 6 Months for In-Box Accessories,21 Ratings & 3 Reviews,4.2,36999.0,21.0,3.0,12.0,256.0,6.7,50.0,5000.0,1.0
"OPPO Reno13 5G (Ivory White, 128 GB)",8 GB RAM | 128 GB ROM16.74 cm (6.59 inch) Display50MP + 8MP + 2MP | 50MP Front Camera5600 mAh BatteryDimensity 8350 Processor1 Year Warranty on Handset and 6 Months Warranty on Accessories,"2,501 Ratings & 350 Reviews",4.4,37999.0,501.0,350.0,8.0,128.0,6.59,50.0,5600.0,1.0
"OPPO Reno10 Pro 5G (Glossy Purple, 256 GB)",12 GB RAM | 256 GB ROM17.02 cm (6.7 inch) Full HD+ Display50MP + 32MP + 8MP | 32MP Front Camera4600 mAh BatterySnapdragon 778G 5G Processor1 Year Manufacturer Warranty for Phone and 6 Months Warranty for In the Box Accessories,"11,258 Ratings & 1,186 Reviews",4.3,37999.0,258.0,186.0,12.0,256.0,6.7,50.0,4600.0,1.0
"OnePlus 11 5G (Eternal Green, 128 GB)",8 GB RAM | 128 GB ROM17.02 cm (6.7 inch) Display50MP Rear Camera5000 mAh Batterydomestic warranty of 12 months on phone & 6 months on accessories,"1,187 Ratings & 118 Reviews",4.4,34937.0,187.0,118.0,8.0,128.0,6.7,50.0,5000.0,1.0
"vivo V23 Pro 5G (Stardust Black, 128 GB)",8 GB RAM | 128 GB ROM | Expandable Upto 12 GB16.66 cm (6.56 inch) Full HD+ Display108MP + 8MP + 2MP | 50MP + 8MP Dual Front Camera4300 mAh Lithium BatteryMediatek Dimensity 1200 Processor1 Year Manufacturer Warranty for Phone and 6 Months Warranty for In the Box Accessories,"4,222 Ratings & 422 Reviews",4.3,38990.0,222.0,422.0,8.0,128.0,6.56,50.0,4300.0,1.0
"OPPO Reno8T 5G (Sunrise Gold, 128 GB)",8 GB RAM | 128 GB ROM | Expandable Upto 1 TB17.02 cm (6.7 inch) Full HD+ Display108MP + 2MP + 2MP | 32MP Front Camera4800 mAh Lithium-ion Polymer BatteryQualcomm Snapdragon 695 Processor67W SUPERVOOC TM Charger I Dual Stereo Speakers120Hz 3D Curved AMOLED Screen1 Year on Handset and 6 Months on Accessories,"17,801 Ratings & 1,466 Reviews",4.3,38999.0,801.0,466.0,8.0,128.0,6.7,50.0,4800.0,1.0
"OPPO Reno10 Pro 5G (Silvery Grey, 256 GB)",12 GB RAM | 256 GB ROM17.02 cm (6.7 inch) Full HD+ Display50MP + 32MP + 8MP | 32MP Front Camera4600 mAh BatterySnapdragon 778G 5G Processor1 Year Manufacturer Warranty for Phone and 6 Months Warranty for In the Box Accessories,"11,258 Ratings & 1,186 Reviews",4.3,37999.0,258.0,186.0,12.0,256.0,6.7,50.0,4600.0,1.0
"OnePlus 11 5G (Eternal Green, 128 GB)",8 GB RAM | 128 GB ROM17.02 cm (6.7 inch) Display50MP Rear Camera | 16MP Front Camera5000 mAh Batterydomestic warranty of 12 months on phone & 6 months on accessories,"1,187 Ratings & 118 Reviews",4.4,34439.0,187.0,118.0,8.0,128.0,6.7,50.0,5000.0,1.0
"OPPO 12 Pro 5G (Manish Malhotra Limited Edition, 256 GB)",12 GB RAM | 256 GB ROM | Expandable Upto 1 TB17.02 cm (6.7 inch) Full HD+ Display50MP + 8MP + 50MP | 50MP Front Camera5000 mAh BatteryDimensity 7300 Energy Processor1 Year Manufacturer Warranty for Device and 6 Months Manufacturer Warranty for Inbox Accessories,348 Ratings & 28 Reviews,4.5,36999.0,348.0,28.0,12.0,256.0,6.7,50.0,5000.0,1.0
"OPPO Reno10 Pro+ 5G (Silvery Grey, 256 GB)",12 GB RAM | 256 GB ROM17.12 cm (6.74 inch) Full HD+ Display50MP + 64MP + 8MP | 32MP Front Camera4700 mAh BatterySnapdragon 8+ Gen 1 Processor1 Year Manufacturer Warranty for Phone and 6 Months Warranty for In the Box Accessories,"2,402 Ratings & 419 Reviews",4.5,54999.0,402.0,419.0,12.0,256.0,6.74,50.0,4700.0,1.0
"OnePlus 10 Pro 5G (Emerald Forest, 128 GB)",8 GB RAM | 128 GB ROM17.02 cm (6.7 inch) Display48MP Rear Camera5000 mAh Battery1 year manufacturer warranty for device and 6 months manufacturer warranty for in-box accessories including batteries from the date of purchase,778 Ratings & 50 Reviews,4.2,35999.0,778.0,50.0,8.0,128.0,6.7,48.0,5000.0,1.0
"Mi 10T (Cosmic Black, 128 GB)",6 GB RAM | 128 GB ROM16.94 cm (6.67 inch) Full HD+ Display64MP + 13MP + 5MP | 20MP Front Camera5000 mAh Li-ion Polymer BatteryQualcomm Snapdragon 865 Processor144Hz Intelligent AdaptiveSync Display33W Dual Split Flash Charge1 Year Manufacturer Warranty for Device and 6 Months Manufacturer Warranty for In-box Accessories,"4,157 Ratings & 574 Reviews",4.2,35999.0,157.0,574.0,6.0,128.0,6.67,50.0,5000.0,1.0
"Mi 10T (Cosmic Black, 128 GB)",8 GB RAM | 128 GB ROM16.94 cm (6.67 inch) Full HD+ Display64MP + 13MP + 5MP | 20MP Front Camera5000 mAh Li-ion Polymer BatteryQualcomm Snapdragon 865 Processor144Hz Intelligent AdaptiveSync Display33W Dual Split Flash Charge1 Year Manufacturer Warranty for Device and 6 Months Manufacturer Warranty for In-box Accessories,"3,859 Ratings & 476 Reviews",4.1,37999.0,859.0,476.0,8.0,128.0,6.67,50.0,5000.0,1.0
"realme GT Neo 3 (Asphalt Black, 256 GB)",8 GB RAM | 256 GB ROM17.02 cm (6.7 inch) Full HD+ Display50MP + 8MP + 2MP | 16MP Front Camera5000 mAh Lithium Ion BatteryMediatek Dimensity 8100 Processor1 Year Manufacturer Warranty for Phone and 6 Months Warranty for In-Box Accessories,"1,788 Ratings & 228 Reviews",4.2,38999.0,788.0,228.0,8.0,256.0,6.7,50.0,5000.0,1.0
"vivo V25 Pro 5G (Sailing Blue, 128 GB)",8 GB RAM | 128 GB ROM16.66 cm (6.56 inch) Full HD+ Display64MP + 8MP + 2MP | 32MP Front Camera4830 mAh Lithium BatteryMediatek Dimensity 1300 ProcessorColor Changing Fluorite AG Glass Design120 Hz 3D Curve Display1 Year on Handset and 6 Months on Accessories,"7,645 Ratings & 931 Reviews",4.3,35999.0,645.0,931.0,8.0,128.0,6.56,50.0,4830.0,1.0
"vivo V25 Pro 5G (Pure Black, 128 GB)",8 GB RAM | 128 GB ROM16.66 cm (6.56 inch) Full HD+ Display64MP + 8MP + 2MP | 32MP Front Camera4830 mAh Lithium BatteryMediatek Dimensity 1300 ProcessorColor Changing Fluorite AG Glass Design120 Hz 3D Curve Display1 Year on Handset and 6 Months on Accessories,"7,645 Ratings & 931 Reviews",4.3,35999.0,645.0,931.0,8.0,128.0,6.56,50.0,4830.0,1.0
"SAMSUNG Galaxy A54 5G (Awesome Lime, 256 GB)","8 GB RAM | 256 GB ROM | Expandable Upto 1 TB16.26 cm (6.4 inch) Full HD+ Display50MP + 12MP + 5MP | 32MP Front Camera5000 mAh BatteryExynos 1380, Octa Core Processor1 Year Manufacturer Warranty for Device and 6 Months Manufacturer Warranty for In-Box Accessories","4,650 Ratings & 385 Reviews",4.3,37499.0,650.0,385.0,8.0,256.0,6.4,50.0,5000.0,1.0
"OPPO Reno 12 Pro 5G (Sunset Gold, 256 GB)",12 GB RAM | 256 GB ROM | Expandable Upto 1 TB17.02 cm (6.7 inch) Full HD+ Display50MP + 8MP + 50MP | 50MP Front Camera5000 mAh BatteryDimensity 7300 Energy Processor1 Year Manufacturer Warranty for Device and 6 Months Manufacturer Warranty for Inbox Accessories,"4,617 Ratings & 380 Reviews",4.4,36999.0,617.0,380.0,12.0,256.0,6.7,50.0,5000.0,1.0
"realme GT Neo 3 (Nitro Blue, 128 GB)",8 GB RAM | 128 GB ROM17.02 cm (6.7 inch) Full HD+ Display50MP + 8MP + 2MP | 16MP Front Camera5000 mAh Lithium Ion BatteryMediatek Dimensity 8100 Processor1 Year Manufacturer Warranty for Phone and 6 Months Warranty for In-Box Accessories,"1,788 Ratings & 228 Reviews",4.2,36999.0,788.0,228.0,8.0,128.0,6.7,50.0,5000.0,1.0
"Xiaomi 12 Pro 5G (Noir Black, 256 GB)",8 GB RAM | 256 GB ROM17.09 cm (6.73 inch) Full HD+ Display50MP + 50MP + 50MP | 32MP Front Camera4600 mAh Lithium Polymer BatterySnapdragon 8 Gen 1 Processor1 Year Manufacturer Warranty for Phone and 6 Months Warranty for In the Box Accessories,645 Ratings & 94 Reviews,4.1,39990.0,645.0,94.0,8.0,256.0,6.73,50.0,4600.0,1.0
"vivo V30 5G (Peacock Green, 256 GB)",12 GB RAM | 256 GB ROM17.22 cm (6.78 inch) Full HD+ Display50MP + 50MP | 50MP Front Camera5000 mAh Battery7 Gen 3 Processor1 Year Manufacturer Warranty for Device and 6 Months Manufacturer Warranty for Inbox Accessories,"1,138 Ratings & 97 Reviews",4.5,35991.0,138.0,97.0,12.0,256.0,6.78,50.0,5000.0,1.0
"vivo V29 Pro 5G (Blue, 256 GB)",12 GB RAM | 256 GB ROM17.22 cm (6.78 inch) Full HD+ AMOLED Display50MP + 12MP + 8MP | 50MP Front Camera4600 mAh BatteryDimensity 8200 Processor1 Year Manufacturer Warranty for Phone and 6 Months Warranty for In the Box Accessories,"1,733 Ratings & 208 Reviews",4.5,38768.0,733.0,208.0,12.0,256.0,6.78,50.0,4600.0,1.0
"SAMSUNG Galaxy A53 (Awesome Blue, 128 GB)",8 GB RAM | 128 GB ROM | Expandable Upto 1 TB16.51 cm (6.5 inch) Full HD+ Display64MP + 12MP + 5MP + 5MP | 32MP Front Camera5000 mAh Lithium Ion BatteryExynos Octa Core Processor Processor1 Year Manufacturer Warranty for Device and 6 Months Manufacturer Warranty for In-Box,"1,934 Ratings & 187 Reviews",4.1,35999.0,934.0,187.0,8.0,128.0,6.5,50.0,5000.0,1.0
"Mi Mix 2 (Black, 128 GB)",6 GB RAM | 128 GB ROM15.21 cm (5.99 inch) Full HD+ Display12MP Rear Camera | 5MP Front Camera3400 mAh Li-polymer BatteryQualcomm Snapdragon 835 Octa Core 2.5 GHz ProcessorBrand Warranty of 1 Year Available for Mobile and 6 Months for Accessories,"6,030 Ratings & 1,032 Reviews",4.3,37999.0,30.0,32.0,6.0,128.0,5.99,12.0,3400.0,1.0
"OPPO Reno8 5G (Shimmer Black, 128 GB)",8 GB RAM | 128 GB ROM16.33 cm (6.43 inch) Full HD Display50MP + 8MP + 2MP | 32MP Front Camera4500 mAh Lithium-ion Polymer BatteryMediatek Dimensity 1300 Processor1 Year Warranty for Phone and 6 Months Warranty for In-Box Accessories,"39,094 Ratings & 4,657 Reviews",4.3,26999.0,94.0,657.0,8.0,128.0,6.43,50.0,4500.0,1.0
"SAMSUNG Galaxy S21 FE 5G (Graphite, 128 GB)",8 GB RAM | 128 GB ROM16.26 cm (6.4 inch) Full HD+ Display12MP + 12MP + 8MP (OIS) | 32MP Front Camera4500 mAh Lithium-ion Battery1 Year Manufacturer Warranty for Device and 6 Months Manufacturer Warranty for In-Box Accessories,"1,39,813 Ratings & 13,126 Reviews",4.3,39999.0,813.0,126.0,8.0,128.0,6.4,50.0,4500.0,1.0
"Mi 10T Pro (Cosmic Black, 128 GB)",8 GB RAM | 128 GB ROM16.94 cm (6.67 inch) Full HD+ Display108MP + 13MP + 5MP | 20MP Front Camera5000 mAh Li-ion Polymer BatteryQualcomm Snapdragon 865 Processor144Hz Intelligent AdaptiveSync Display33W Dual Split Flash Charge1 Year Manufacturer Warranty for Device and 6 Months Manufacturer Warranty for In-box Accessories,"3,703 Ratings & 551 Reviews",4.2,39999.0,703.0,551.0,8.0,128.0,6.67,50.0,5000.0,1.0
"IQOO 3 (Quantum Silver, 128 GB)","8 GB RAM | 128 GB ROM16.36 cm (6.44 inch) Full HD+ Display48MP + 13MP + 13MP + 2MP | 16MP Front Camera4440 mAh Li-ion BatteryQualcomm Snapdragon 865 ProcessorIn-Display Fingerprint Sensor, Monster Touch Buttons55 W Super Flash ChargeSuper AMOLED DisplayBrand Warranty of 1 Year Available for Mobile and Accessories","18,217 Ratings & 2,836 Reviews",4.5,37990.0,217.0,836.0,8.0,128.0,6.44,50.0,4440.0,1.0
"SAMSUNG Galaxy S21 FE 5G (White, 128 GB)",8 GB RAM | 128 GB ROM16.26 cm (6.4 inch) Full HD+ Display12MP + 12MP + 8MP (OIS) | 32MP Front Camera4500 mAh Lithium-ion Battery1 Year Manufacturer Warranty for Device and 6 Months Manufacturer Warranty for In-Box Accessories,"1,39,813 Ratings & 13,126 Reviews",4.3,39999.0,813.0,126.0,8.0,128.0,6.4,50.0,4500.0,1.0
"OnePlus 11R 5G (Sonic Black, 256 GB)",16 GB RAM | 256 GB ROM17.02 cm (6.7 inch) Display50MP Rear Camera5000 mAh BatteryDomestic warranty of 12 months on phone & 6 months on accessries,"14,148 Ratings & 914 Reviews",4.5,38999.0,148.0,914.0,16.0,256.0,6.7,50.0,5000.0,1.0
"OnePlus 11R 5G (Galactic Silver, 256 GB)",16 GB RAM | 256 GB ROM17.02 cm (6.7 inch) Display50MP Rear Camera | 16MP Front Camera5000 mAh BatteryDomestic warranty of 12 months on phone & 6 months on accessories,"14,148 Ratings & 914 Reviews",4.5,38700.0,148.0,914.0,16.0,256.0,6.7,50.0,5000.0,1.0
"OnePlus 10R (Forest Green, 128 GB)",8 GB RAM | 128 GB ROM17.02 cm (6.7 inch) Display50MP Rear Camera5000 mAh Battery1 Year Manufacturer Warranty for Handset and 6 Months Warranty for In the Box Accessories,"7,465 Ratings & 442 Reviews",4.3,36574.0,465.0,442.0,8.0,128.0,6.7,50.0,5000.0,1.0
"OPPO 13 5G (LUMINOUS BLUE, IVORY WHITE, 128 GB)",8 GB RAM | 128 GB ROM16.74 cm (6.59 inch) Display50MP Rear Camera5600 mAh Battery1 Year Warranty on Handset and 6 Months Warranty on Accessories,,4.3572151898734175,39899.0,0.0,0.0,8.0,128.0,6.59,50.0,5600.0,1.0
"Apple iPhone SE (Black, 64 GB)","64 GB ROM11.94 cm (4.7 inch) Retina HD Display12MP Rear Camera | 7MP Front CameraA13 Bionic Chip with 3rd Gen Neural Engine ProcessorWater and Dust Resistant (1 meter for Upto 30 minutes, IP67)Fast Charge CapableWireless charging (Works with Qi Chargers | Qi Chargers are Sold Separately1 year warranty for phone and 1 year warranty for in Box Accessories.","78,397 Ratings & 6,109 Reviews",4.5,39900.0,397.0,109.0,8.0,64.0,4.7,12.0,5000.0,1.0
"Infinix Zero Ultra (Genesis Noir, 256 GB)",8 GB RAM | 256 GB ROM17.27 cm (6.8 inch) Full HD+ Display200MP + 13MP + 2MP | 32MP Front Camera4500 mAh Lithium-ion Polymer BatteryMediatek Dimensity 920 Processor1 Year on Handset and 6 Months on Accessories,"1,837 Ratings & 253 Reviews",4.0,36999.0,837.0,253.0,8.0,256.0,6.8,50.0,4500.0,1.0
"vivo X50 (Glaze Black, 128 GB)",8 GB RAM | 128 GB ROM16.66 cm (6.56 inch) Full HD+ E3 Super AMOLED Display48MP + 13MP + 8MP + 5MP | 32MP Front Camera4200 mAh Lithium-ion BatteryQualcomm Snapdragon 730 Processor33W Vivo FlashCharge 2.01 Year for Handset and 6 Months for In-box Accessories,"2,106 Ratings & 240 Reviews",4.3,39990.0,106.0,240.0,8.0,128.0,6.56,50.0,4200.0,1.0
"vivo T3 Lite 5G (Majestic Black, 128 GB)",6 GB RAM | 128 GB ROM | Expandable Upto 1 TB16.66 cm (6.56 inch) Display50MP + 2MP | 8MP Front Camera5000 mAh BatteryDimensity 6300 Processor1 Year Manufacturer Warranty for Device and 6 Months Manufacturer Warranty for Inbox Accessories,"90,068 Ratings & 3,198 Reviews",4.4,11499.0,68.0,198.0,6.0,128.0,6.56,50.0,5000.0,1.0
"vivo T3 Lite 5G (Majestic Black, 128 GB)",4 GB RAM | 128 GB ROM | Expandable Upto 1 TB16.66 cm (6.56 inch) Display50MP + 2MP | 8MP Front Camera5000 mAh BatteryDimensity 6300 Processor1 Year Manufacturer Warranty for Device and 6 Months Manufacturer Warranty for Inbox Accessories,"59,614 Ratings & 2,035 Reviews",4.4,10499.0,614.0,35.0,4.0,128.0,6.56,50.0,5000.0,1.0
"vivo T3 Lite 5G (Vibrant Green, 128 GB)",6 GB RAM | 128 GB ROM | Expandable Upto 1 TB16.66 cm (6.56 inch) Display50MP + 2MP | 8MP Front Camera5000 mAh BatteryDimensity 6300 Processor1 Year Manufacturer Warranty for Device and 6 Months Manufacturer Warranty for Inbox Accessories,"90,068 Ratings & 3,198 Reviews",4.4,11499.0,68.0,198.0,6.0,128.0,6.56,50.0,5000.0,1.0
"vivo T3 Lite 5G (Vibrant Green, 128 GB)",4 GB RAM | 128 GB ROM | Expandable Upto 1 TB16.66 cm (6.56 inch) Display50MP + 2MP | 8MP Front Camera5000 mAh BatteryDimensity 6300 Processor1 Year Manufacturer Warranty for Device and 6 Months Manufacturer Warranty for Inbox Accessories,"59,614 Ratings & 2,035 Reviews",4.4,10499.0,614.0,35.0,4.0,128.0,6.56,50.0,5000.0,1.0
"Apple iPhone 16 Plus (Black, 512 GB)","512 GB ROM17.02 cm (6.7 inch) Super Retina XDR Display48MP + 12MP | 12MP Front CameraA18 Chip, 6 Core Processor Processor1 year warranty for phone and 1 year warranty for in Box Accessories.",759 Ratings & 45 Reviews,4.6,114900.0,759.0,45.0,8.0,512.0,6.7,50.0,5000.0,1.0
"Apple iPhone 16 Plus (Black, 256 GB)","256 GB ROM17.02 cm (6.7 inch) Super Retina XDR Display48MP + 12MP | 12MP Front CameraA18 Chip, 6 Core Processor Processor1 year warranty for phone and 1 year warranty for in Box Accessories.",759 Ratings & 45 Reviews,4.6,94900.0,759.0,45.0,8.0,256.0,6.7,50.0,5000.0,1.0
"Apple iPhone 16 (Black, 128 GB)","128 GB ROM15.49 cm (6.1 inch) Super Retina XDR Display48MP + 12MP | 12MP Front CameraA18 Chip, 6 Core Processor Processor1 year warranty for phone and 1 year warranty for in Box Accessories.","7,143 Ratings & 339 Reviews",4.6,74990.0,143.0,339.0,8.0,128.0,6.1,50.0,5000.0,1.0
"Apple iPhone 16 (Black, 256 GB)","256 GB ROM15.49 cm (6.1 inch) Super Retina XDR Display48MP + 12MP | 12MP Front CameraA18 Chip, 6 Core Processor Processor1 year warranty for phone and 1 year warranty for in Box Accessories.","7,143 Ratings & 339 Reviews",4.6,84990.0,143.0,339.0,8.0,256.0,6.1,50.0,5000.0,1.0
"Apple 16 (White, 256 GB)","256 GB ROM15.49 cm (6.1 inch) Super Retina XDR Display48MP + 12MP | 12MP Front CameraA18 Chip, 6 Core Processor Processor1 year warranty for phone and 1 year warranty for in Box Accessories.","2,478 Ratings & 125 Reviews",4.6,84990.0,478.0,125.0,8.0,256.0,6.1,50.0,5000.0,1.0
"Apple 16 (White, 128 GB)","128 GB ROM15.49 cm (6.1 inch) Super Retina XDR Display48MP + 12MP | 12MP Front CameraA18 Chip, 6 Core Processor Processor1 year warranty for phone and 1 year warranty for in Box Accessories.","2,478 Ratings & 125 Reviews",4.6,74990.0,478.0,125.0,8.0,128.0,6.1,50.0,5000.0,1.0
"Apple iPhone 16 Plus (Teal, 512 GB)","512 GB ROM17.02 cm (6.7 inch) Super Retina XDR Display48MP + 12MP | 12MP Front CameraA18 Chip, 6 Core Processor Processor1 year warranty for phone and 1 year warranty for in Box Accessories.",759 Ratings & 45 Reviews,4.6,114900.0,759.0,45.0,8.0,512.0,6.7,50.0,5000.0,1.0
"Apple iPhone 16 Plus (Teal, 256 GB)","256 GB ROM17.02 cm (6.7 inch) Super Retina XDR Display48MP + 12MP | 12MP Front CameraA18 Chip, 6 Core Processor Processor1 year warranty for phone and 1 year warranty for in Box Accessories.",759 Ratings & 45 Reviews,4.6,94900.0,759.0,45.0,8.0,256.0,6.7,50.0,5000.0,1.0
"Apple 16 Plus (Black, 128 GB)","128 GB ROM17.02 cm (6.7 inch) Super Retina XDR Display48MP + 12MP | 12MP Front CameraA18 Chip, 6 Core Processor Processor1 year warranty for phone and 1 year warranty for in Box Accessories.",911 Ratings & 50 Reviews,4.6,84900.0,911.0,50.0,8.0,128.0,6.7,50.0,5000.0,1.0
"Apple iPhone 16 Plus (Teal, 128 GB)","128 GB ROM17.02 cm (6.7 inch) Super Retina XDR Display48MP + 12MP | 12MP Front CameraA18 Chip, 6 Core Processor Processor1 year warranty for phone and 1 year warranty for in Box Accessories.",759 Ratings & 45 Reviews,4.6,84900.0,759.0,45.0,8.0,128.0,6.7,50.0,5000.0,1.0
"Apple iPhone 16 (Ultramarine, 256 GB)","256 GB ROM15.49 cm (6.1 inch) Super Retina XDR Display48MP + 12MP | 12MP Front CameraA18 Chip, 6 Core Processor Processor1 year warranty for phone and 1 year warranty for in Box Accessories.","7,143 Ratings & 339 Reviews",4.6,84990.0,143.0,339.0,8.0,256.0,6.1,50.0,5000.0,1.0
"Apple iPhone 16 (Ultramarine, 128 GB)","128 GB ROM15.49 cm (6.1 inch) Super Retina XDR Display48MP + 12MP | 12MP Front CameraA18 Chip, 6 Core Processor Processor1 year warranty for phone and 1 year warranty for in Box Accessories.","7,143 Ratings & 339 Reviews",4.6,74990.0,143.0,339.0,8.0,128.0,6.1,50.0,5000.0,1.0
"Apple iPhone 16 (Teal, 128 GB)","128 GB ROM15.49 cm (6.1 inch) Super Retina XDR Display48MP + 12MP | 12MP Front CameraA18 Chip, 6 Core Processor Processor1 year warranty for phone and 1 year warranty for in Box Accessories.","7,143 Ratings & 339 Reviews",4.6,74990.0,143.0,339.0,8.0,128.0,6.1,50.0,5000.0,1.0
"Apple 16 (Teal, 256 GB)","256 GB ROM15.49 cm (6.1 inch) Super Retina XDR Display48MP + 12MP | 12MP Front CameraA18 Chip, 6 Core Processor Processor1 year warranty for phone and 1 year warranty for in Box Accessories.","2,478 Ratings & 125 Reviews",4.6,84990.0,478.0,125.0,8.0,256.0,6.1,50.0,5000.0,1.0
"Apple 16 Plus (Ultramarine, 256 GB)","256 GB ROM17.02 cm (6.7 inch) Super Retina XDR Display48MP + 12MP | 12MP Front CameraA18 Chip, 6 Core Processor Processor1 year warranty for phone and 1 year warranty for in Box Accessories.",911 Ratings & 50 Reviews,4.6,94900.0,911.0,50.0,8.0,256.0,6.7,50.0,5000.0,1.0
"Apple 16 Plus (Ultramarine, 128 GB)","128 GB ROM17.02 cm (6.7 inch) Super Retina XDR Display48MP + 12MP | 12MP Front CameraA18 Chip, 6 Core Processor Processor1 year warranty for phone and 1 year warranty for in Box Accessories.",911 Ratings & 50 Reviews,4.6,84900.0,911.0,50.0,8.0,128.0,6.7,50.0,5000.0,1.0
"vivo T4x 5G (Pronto Purple, 128 GB)",8 GB RAM | 128 GB ROM17.07 cm (6.72 inch) Display50MP + 2MP | 8MP Front Camera6500 mAh BatteryDimensity 7300 5G Processor1 Year Warranty for Device and 6 Months Warranty for Accessories,"13,775 Ratings & 895 Reviews",4.5,14999.0,775.0,895.0,8.0,128.0,6.72,50.0,6500.0,1.0
"vivo T4x 5G (Marine Blue, 256 GB)",8 GB RAM | 256 GB ROM17.07 cm (6.72 inch) Display50MP + 2MP | 8MP Front Camera6500 mAh BatteryDimensity 7300 5G Processor1 Year Warranty for Device and 6 Months Warranty for Accessories,"13,775 Ratings & 895 Reviews",4.5,16999.0,775.0,895.0,8.0,256.0,6.72,50.0,6500.0,1.0
"vivo T4x 5G (Pronto Purple, 128 GB)",6 GB RAM | 128 GB ROM17.07 cm (6.72 inch) Display50MP + 2MP | 8MP Front Camera6500 mAh BatteryDimensity 7300 5G Processor1 Year Warranty for Device and 6 Months Warranty for Accessories,"16,156 Ratings & 1,096 Reviews",4.5,13999.0,156.0,96.0,6.0,128.0,6.72,50.0,6500.0,1.0
"vivo T4x 5G (Marine Blue, 128 GB)",8 GB RAM | 128 GB ROM17.07 cm (6.72 inch) Display50MP + 2MP | 8MP Front Camera6500 mAh BatteryDimensity 7300 5G Processor1 Year Warranty for Device and 6 Months Warranty for Accessories,"13,775 Ratings & 895 Reviews",4.5,14999.0,775.0,895.0,8.0,128.0,6.72,50.0,6500.0,1.0
"vivo T4x 5G (Marine Blue, 128 GB)",6 GB RAM | 128 GB ROM17.07 cm (6.72 inch) Display50MP + 2MP | 8MP Front Camera6500 mAh BatteryDimensity 7300 5G Processor1 Year Warranty for Device and 6 Months Warranty for Accessories,"16,156 Ratings & 1,096 Reviews",4.5,13999.0,156.0,96.0,6.0,128.0,6.72,50.0,6500.0,1.0
"SAMSUNG Galaxy F05 (Twilight Blue, 64 GB)",4 GB RAM | 64 GB ROM | Expandable Upto 1 TB17.12 cm (6.74 inch) HD+ Display50MP + 2MP | 8MP Front Camera5000 mAh BatteryHelio G85 Processor1 Year Manufacturer Warranty for Device and 6 Months for In-Box Accessories,"42,268 Ratings & 2,502 Reviews",4.2,6499.0,268.0,502.0,4.0,64.0,6.74,50.0,5000.0,1.0
"vivo T4x 5G (Pronto Purple, 256 GB)",8 GB RAM | 256 GB ROM17.07 cm (6.72 inch) Display50MP + 2MP | 8MP Front Camera6500 mAh BatteryDimensity 7300 5G Processor1 Year Warranty for Device and 6 Months Warranty for Accessories,"13,775 Ratings & 895 Reviews",4.5,16999.0,775.0,895.0,8.0,256.0,6.72,50.0,6500.0,1.0
"Motorola g45 5G (Brilliant Blue, 128 GB)",8 GB RAM | 128 GB ROM | Expandable Upto 1 TB16.51 cm (6.5 inch) HD+ Display50MP + 2MP | 16MP Front Camera5000 mAh BatterySnapdragon 6s Gen 3 Processor1 Year Warranty on Handset and 6 Months Warranty on Accessories,"1,30,148 Ratings & 6,857 Reviews",4.3,12999.0,148.0,857.0,8.0,128.0,6.5,50.0,5000.0,1.0
"MOTOROLA g05 (Plum Red, 64 GB)",4 GB RAM | 64 GB ROM | Expandable Upto 1 TB16.94 cm (6.67 inch) HD+ Display50MP Rear Camera | 8MP Front Camera5200 mAh BatteryHelio G81 Processor1 Year Warranty on Handset and 6 Months Warranty on Accessories,"17,380 Ratings & 1,416 Reviews",4.3,7299.0,380.0,416.0,4.0,64.0,6.67,50.0,5200.0,1.0
"POCO C75 5G (Aqua Bliss, 64 GB)",4 GB RAM | 64 GB ROM | Expandable Upto 1 TB17.48 cm (6.88 inch) HD+ Display50MP Rear Camera | 5MP Front Camera5160 mAh Battery4s Gen 2 5G Processor1 Year Manufacturer Warranty for Phone and 6 Months Warranty for In the Box Accessories,"30,430 Ratings & 1,659 Reviews",4.3,7999.0,430.0,659.0,4.0,64.0,6.88,50.0,5160.0,1.0
"vivo T3 Pro 5G (Sandstone Orange, 128 GB)",8 GB RAM | 128 GB ROM17.2 cm (6.77 inch) Full HD+ AMOLED Display50MP + 8MP | 16MP Front Camera5500 mAh BatterySnapdragon 7 Gen 3 Processor1 Year Warranty on Handset and 6 Months Warranty on Accessories,"59,745 Ratings & 4,043 Reviews",4.5,22999.0,745.0,43.0,8.0,128.0,6.77,50.0,5500.0,1.0
"vivo T3 Pro 5G (Emerald Green, 256 GB)",8 GB RAM | 256 GB ROM17.2 cm (6.77 inch) Full HD+ AMOLED Display50MP + 8MP | 16MP Front Camera5500 mAh BatterySnapdragon 7 Gen 3 Processor1 Year Warranty on Handset and 6 Months Warranty on Accessories,"59,745 Ratings & 4,043 Reviews",4.5,24999.0,745.0,43.0,8.0,256.0,6.77,50.0,5500.0,1.0
"Motorola g45 5G (Pink Lavender, 128 GB)",8 GB RAM | 128 GB ROM | Expandable Upto 1 TB16.51 cm (6.5 inch) HD+ Display50MP + 2MP | 16MP Front Camera5000 mAh BatterySnapdragon 6s Gen 3 Processor1 Year Warranty on Handset and 6 Months Warranty on Accessories,"1,30,148 Ratings & 6,857 Reviews",4.3,12999.0,148.0,857.0,8.0,128.0,6.5,50.0,5000.0,1.0
"vivo T3 5G (Cosmic Blue, 256 GB)",8 GB RAM | 256 GB ROM16.94 cm (6.67 inch) Full HD+ Display50MP + 2MP | 16MP Front Camera5000 mAh BatteryDimensity 7200 Processor1 Year Manufacturer Warranty for Device and 6 Months Manufacturer Warranty for Inbox Accessories,"1,16,089 Ratings & 7,333 Reviews",4.4,20499.0,89.0,333.0,8.0,256.0,6.67,50.0,5000.0,1.0
"POCO C61 (Ethereal Blue, 128 GB)",6 GB RAM | 128 GB ROM | Expandable Upto 1 TB17.04 cm (6.71 inch) HD+ Display8MP Rear Camera | 5MP Front Camera5000 mAh BatteryHelio G36 Processor1 Year Manufacturer Warranty for Phone and 6 Months Warranty for In the Box Accessories,"10,202 Ratings & 347 Reviews",4.3,8499.0,202.0,347.0,6.0,128.0,6.71,8.0,5000.0,1.0
"Apple iPhone 16 (Pink, 256 GB)","256 GB ROM15.49 cm (6.1 inch) Super Retina XDR Display48MP + 12MP | 12MP Front CameraA18 Chip, 6 Core Processor Processor1 year warranty for phone and 1 year warranty for in Box Accessories.","7,143 Ratings & 339 Reviews",4.6,84990.0,143.0,339.0,8.0,256.0,6.1,50.0,5000.0,1.0
"Motorola g45 5G (Brilliant Blue, 128 GB)",4 GB RAM | 128 GB ROM | Expandable Upto 1 TB16.51 cm (6.5 inch) HD+ Display50MP + 2MP | 16MP Front Camera5000 mAh BatterySnapdragon 6s Gen 3 Processor1 Year Warranty on Handset and 6 Months Warranty on Accessories,"33,219 Ratings & 2,150 Reviews",4.3,10999.0,219.0,150.0,4.0,128.0,6.5,50.0,5000.0,1.0
"vivo T3 5G (Crystal Flake, 128 GB)",8 GB RAM | 128 GB ROM16.94 cm (6.67 inch) Full HD+ Display50MP + 2MP | 16MP Front Camera5000 mAh BatteryDimensity 7200 Processor1 Year Manufacturer Warranty for Device and 6 Months Manufacturer Warranty for Inbox Accessories,"1,16,089 Ratings & 7,333 Reviews",4.4,18499.0,89.0,333.0,8.0,128.0,6.67,50.0,5000.0,1.0
"Apple 16 Plus (Pink, 512 GB)","512 GB ROM17.02 cm (6.7 inch) Super Retina XDR Display48MP + 12MP | 12MP Front CameraA18 Chip, 6 Core Processor Processor1 year warranty for phone and 1 year warranty for in Box Accessories.",911 Ratings & 50 Reviews,4.6,114900.0,911.0,50.0,8.0,512.0,6.7,50.0,5000.0,1.0
"Apple iPhone 16 (Pink, 128 GB)","128 GB ROM15.49 cm (6.1 inch) Super Retina XDR Display48MP + 12MP | 12MP Front CameraA18 Chip, 6 Core Processor Processor1 year warranty for phone and 1 year warranty for in Box Accessories.","7,143 Ratings & 339 Reviews",4.6,74990.0,143.0,339.0,8.0,128.0,6.1,50.0,5000.0,1.0
"OnePlus Nord 3 5G (Misty Green, 256 GB)",16 GB RAM | 256 GB ROM17.12 cm (6.74 inch) Display50MP Rear Camera5000 mAh BatteryDomestic 1 Year of Device & 6 Months for In-Box Accessories,"1,692 Ratings & 137 Reviews",4.4,37630.0,692.0,137.0,16.0,256.0,6.74,50.0,5000.0,1.0
"SAMSUNG Galaxy A53 (Awesome Blue, 256 GB)",8 GB RAM | 256 GB ROM | Expandable Upto 1 TB16.51 cm (6.5 inch) Full HD+ Display64MP + 12MP + 5MP + 5MP | 32MP Front Camera5000 mAh Lithium Ion BatteryExynos Octa Core Processor Processor1 Year Manufacturer Warranty for Device and 6 Months Manufacturer Warranty for In-Box,"1,934 Ratings & 187 Reviews",4.1,36499.0,934.0,187.0,8.0,256.0,6.5,50.0,5000.0,1.0
"OnePlus 7 Pro (Mirror Grey, 256 GB)",8 GB RAM | 256 GB ROM16.94 cm (6.67 inch) Display48 MP + 8 MP + 16 MP | 16MP Front Camera4000 mAh Battery1 year manufacturer warranty for device and 6 months manufacturer warranty for in-box accessories including batteries from the date of purchase,"1,382 Ratings & 135 Reviews",4.5,39900.0,382.0,135.0,8.0,256.0,6.67,50.0,4000.0,1.0
"OnePlus 9RT 5G (Nano Silver, 128 GB)",8 GB RAM | 128 GB ROM16.81 cm (6.62 inch) Display50MP Rear Camera4500 mAh Battery12 months,641 Ratings & 58 Reviews,4.3,39999.0,641.0,58.0,8.0,128.0,6.62,50.0,4500.0,1.0
"POCO M7 5G (Satin Black, 128 GB)",6 GB RAM | 128 GB ROM | Expandable Upto 1 TB17.48 cm (6.88 inch) HD+ Display50MP Rear Camera | 8MP Front Camera5160 mAh Battery4 Gen 2 5G Processor1 Year Manufacturer Warranty for Phone and 6 Months Warranty for In the Box Accessories,"3,671 Ratings & 255 Reviews",4.2,9999.0,671.0,255.0,6.0,128.0,6.88,50.0,5160.0,1.0
"MOTOROLA g35 5G (Leaf Green, 128 GB)",4 GB RAM | 128 GB ROM | Expandable Upto 1 TB17.07 cm (6.72 inch) Full HD+ Display50MP + 8MP | 16MP Front Camera5000 mAh BatteryT760 Processor12 5G Bands with VoNR|4K Video Recording|Vision Booster Technology1 Year on Handset and 6 Months on Accessories,"32,397 Ratings & 2,650 Reviews",4.2,9999.0,397.0,650.0,4.0,128.0,6.72,50.0,5000.0,1.0
"SAMSUNG Glaxy F06 5G (Lit Violet, 128 GB)",4 GB RAM | 128 GB ROM | Expandable Upto 1500 GB17.02 cm (6.7 inch) HD+ Display50MP + 2MP | 8MP Front Camera5000 mAh BatteryDimensity 6300 Processor1 Year Manufacturer Warranty for Device and 6 Months for In-Box Accessories,788 Ratings & 66 Reviews,4.2,9199.0,788.0,66.0,4.0,128.0,6.7,50.0,5000.0,1.0
"MOTOROLA g35 5G (Guava Red, 128 GB)",4 GB RAM | 128 GB ROM | Expandable Upto 1 TB17.07 cm (6.72 inch) Full HD+ Display50MP + 8MP | 16MP Front Camera5000 mAh BatteryT760 Processor12 5G Bands with VoNR|4K Video Recording|Vision Booster Technology1 Year on Handset and 6 Months on Accessories,"32,397 Ratings & 2,650 Reviews",4.2,9999.0,397.0,650.0,4.0,128.0,6.72,50.0,5000.0,1.0
"POCO C75 5G (Silver Stardust, 64 GB)",4 GB RAM | 64 GB ROM | Expandable Upto 1 TB17.48 cm (6.88 inch) HD+ Display50MP Rear Camera | 5MP Front Camera5160 mAh Battery4s Gen 2 5G Processor1 Year Manufacturer Warranty for Phone and 6 Months Warranty for In the Box Accessories,"30,430 Ratings & 1,659 Reviews",4.3,7999.0,430.0,659.0,4.0,64.0,6.88,50.0,5160.0,1.0
"IQOO Z9s 5G (Onyx Green, 128 GB)",8 GB RAM | 128 GB ROM17.2 cm (6.77 inch) Display50MP Rear Camera5500 mAh Battery1 Year on Handset and 6 Months on Accessories,"3,604 Ratings & 230 Reviews",4.4,18899.0,604.0,230.0,8.0,128.0,6.77,50.0,5500.0,1.0
"MOTOROLA Edge 50 (Jungle Green, 256 GB)",8 GB RAM | 256 GB ROM16.94 cm (6.67 inch) Display50MP + 13MP + 10MP | 32MP Front Camera5000 mAh BatterySnapdragon 7 Gen 1 Accelerated Edition Processor1 Year Warranty on Handset and 6 Months Warranty on Accessories,"28,122 Ratings & 2,087 Reviews",4.3,21999.0,122.0,87.0,8.0,256.0,6.67,50.0,5000.0,1.0
"vivo T3 Pro 5G (Sandstone Orange, 256 GB)",8 GB RAM | 256 GB ROM17.2 cm (6.77 inch) Full HD+ AMOLED Display50MP + 8MP | 16MP Front Camera5500 mAh BatterySnapdragon 7 Gen 3 Processor1 Year Warranty on Handset and 6 Months Warranty on Accessories,"59,745 Ratings & 4,043 Reviews",4.5,24999.0,745.0,43.0,8.0,256.0,6.77,50.0,5500.0,1.0
"POCO M7 5G (Ocean Blue, 128 GB)",6 GB RAM | 128 GB ROM | Expandable Upto 1 TB17.48 cm (6.88 inch) HD+ Display50MP Rear Camera | 8MP Front Camera5160 mAh Battery4 Gen 2 5G Processor1 Year Manufacturer Warranty for Phone and 6 Months Warranty for In the Box Accessories,"3,671 Ratings & 255 Reviews",4.2,9999.0,671.0,255.0,6.0,128.0,6.88,50.0,5160.0,1.0
"POCO M7 5G (Mint Green, 128 GB)",6 GB RAM | 128 GB ROM | Expandable Upto 1 TB17.48 cm (6.88 inch) HD+ Display50MP Rear Camera | 8MP Front Camera5160 mAh Battery4 Gen 2 5G Processor1 Year Manufacturer Warranty for Phone and 6 Months Warranty for In the Box Accessories,"3,671 Ratings & 255 Reviews",4.2,9999.0,671.0,255.0,6.0,128.0,6.88,50.0,5160.0,1.0
"OPPO K12x 5G with 45W SUPERVOOC Charger In-The-Box (Breeze Blue, 256 GB)",8 GB RAM | 256 GB ROM | Expandable Upto 1 TB16.94 cm (6.67 inch) HD Display32MP + 2MP | 8MP Front Camera5100 mAh BatteryDimensity 6300 Processor1 Year Manufacturer Warranty for Device and 6 Months Manufacturer Warranty for Inbox Accessories,"18,755 Ratings & 834 Reviews",4.4,15999.0,755.0,834.0,8.0,256.0,6.67,50.0,5100.0,1.0
"SAMSUNG Galaxy S24+ 5G (Onyx Black, 256 GB)",12 GB RAM | 256 GB ROM17.02 cm (6.7 inch) Quad HD+ Display50MP + 10MP + 12MP | 12MP Front Camera4900 mAh BatteryExynos 2400 Processor1 Year Manufacturer Warranty for Device and 6 Months for In-Box Accessories,"6,149 Ratings & 475 Reviews",4.5,54999.0,149.0,475.0,12.0,256.0,6.7,50.0,4900.0,1.0
"SAMSUNG Galaxy M35 5G (Thunder Grey, 256 GB)",8 GB RAM | 256 GB ROM16.76 cm (6.6 inch) Display50MP Rear Camera6000 mAh Battery1 YEAR,"1,064 Ratings & 84 Reviews",4.4,22395.0,64.0,84.0,8.0,256.0,6.6,50.0,6000.0,1.0
"OnePlus Nord CE4 lite 5G (SUPER SILVER, 128 GB)",8 GB RAM | 128 GB ROM16.94 cm (6.67 inch) Display50MP Rear Camera5500 mAh Battery1 year,"13,917 Ratings & 684 Reviews",4.4,16712.0,917.0,684.0,8.0,128.0,6.67,50.0,5500.0,1.0
"MOTOROLA g05 (Forest Green, 64 GB)",4 GB RAM | 64 GB ROM | Expandable Upto 1 TB16.94 cm (6.67 inch) HD+ Display50MP Rear Camera | 8MP Front Camera5200 mAh BatteryHelio G81 Processor1 Year Warranty on Handset and 6 Months Warranty on Accessories,"17,380 Ratings & 1,416 Reviews",4.3,7299.0,380.0,416.0,4.0,64.0,6.67,50.0,5200.0,1.0
"REDMI 13 5G (Orchid Pink, 128 GB)",8 GB RAM | 128 GB ROM17.25 cm (6.79 inch) Full HD+ Display108MP Rear Camera5030 mAh BatteryQualcomm SM4450 Snapdragon 4 Gen 2 AE (4 nm) Processor1 year manufacture warranty,"6,710 Ratings & 383 Reviews",4.3,13740.0,710.0,383.0,8.0,128.0,6.79,108.0,5030.0,1.0
"SAMSUNG Galaxy M35 5G (Moonlight Blue, 128 GB)",8 GB RAM | 128 GB ROM16.76 cm (6.6 inch) Display50MP Rear Camera6000 mAh Battery1 YEAR,"1,064 Ratings & 84 Reviews",4.4,17425.0,64.0,84.0,8.0,128.0,6.6,50.0,6000.0,1.0
"OnePlus Nord CE4 lite 5G (SUPER SILVER, 256 GB)",8 GB RAM | 256 GB ROM16.94 cm (6.67 inch) Display50MP Rear Camera5500 mAh Battery1 year,"13,917 Ratings & 684 Reviews",4.4,23790.0,917.0,684.0,8.0,256.0,6.67,50.0,5500.0,1.0
"SAMSUNG Galaxy F06 5G (Bahama Blue, 128 GB)",4 GB RAM | 128 GB ROM | Expandable Upto 1500 GB17.02 cm (6.7 inch) HD+ Display50MP + 2MP | 8MP Front Camera5000 mAh BatteryDimensity 6300 Processor1 Year Manufacturer Warranty for Device and 6 Months for In-Box Accessories,"1,510 Ratings & 124 Reviews",4.2,9199.0,510.0,124.0,4.0,128.0,6.7,50.0,5000.0,1.0
"Motorola Edge 50 Fusion (Marshmallow Blue, 128 GB)",8 GB RAM | 128 GB ROM17.02 cm (6.7 inch) Full HD+ Display50MP + 13MP | 32MP Front Camera5000 mAh Battery7s Gen 2 Processor1 Year on Handset and 6 Months on Accessories,"1,07,586 Ratings & 7,143 Reviews",4.5,22999.0,586.0,143.0,8.0,128.0,6.7,50.0,5000.0,1.0
"realme C61 (Marble Black, 64 GB)",4 GB RAM | 64 GB ROM | Expandable Upto 2 TB17.13 cm (6.745 inch) HD+ Display32MP Rear Camera | 5MP Front Camera5000 mAh BatteryT612 Processor1 Year Manufacturer Warranty for Device and 6 Months Manufacturer Warranty for Inbox Accessories,"5,538 Ratings & 222 Reviews",4.3,7699.0,538.0,222.0,4.0,64.0,6.745,32.0,5000.0,1.0
"Motorola Edge 50 Fusion (Forest Blue, 256 GB)",12 GB RAM | 256 GB ROM17.02 cm (6.7 inch) Full HD+ Display50MP + 13MP | 32MP Front Camera5000 mAh Battery7s Gen 2 Processor1 Year on Handset and 6 Months on Accessories,"1,33,297 Ratings & 9,356 Reviews",4.4,24999.0,297.0,356.0,12.0,256.0,6.7,50.0,5000.0,1.0
"Nothing Phone (2a) 5G (Black, 256 GB)",8 GB RAM | 256 GB ROM17.02 cm (6.7 inch) Full HD+ Display50MP (OIS) + 50MP | 32MP Front Camera5000 mAh BatteryDimensity 7200 Pro Processor1 Year Manufacturing Warranty,"80,736 Ratings & 6,737 Reviews",4.4,23999.0,736.0,737.0,8.0,256.0,6.7,50.0,5000.0,1.0
"Motorola Edge 50 Fusion (Hot Pink, 128 GB)",8 GB RAM | 128 GB ROM17.02 cm (6.7 inch) Full HD+ Display50MP + 13MP | 32MP Front Camera5000 mAh Battery7s Gen 2 Processor1 Year on Handset and 6 Months on Accessories,"1,07,586 Ratings & 7,143 Reviews",4.5,22999.0,586.0,143.0,8.0,128.0,6.7,50.0,5000.0,1.0
"Nothing Phone (2a) 5G (Black, 128 GB)",8 GB RAM | 128 GB ROM17.02 cm (6.7 inch) Full HD+ Display50MP (OIS) + 50MP | 32MP Front Camera5000 mAh BatteryDimensity 7200 Pro Processor1 Year Manufacturing Warranty,"80,736 Ratings & 6,737 Reviews",4.4,21999.0,736.0,737.0,8.0,128.0,6.7,50.0,5000.0,1.0
"Motorola G85 5G (Urban Grey, 128 GB)",8 GB RAM | 128 GB ROM16.94 cm (6.67 inch) Full HD+ Display50MP + 8MP | 32MP Front Camera5000 mAh Battery6s Gen 3 Processor1 Year on Handset and 6 Months on Accessories,"1,58,837 Ratings & 8,562 Reviews",4.4,17999.0,837.0,562.0,8.0,128.0,6.67,50.0,5000.0,1.0
"Nothing Phone (2a) 5G (White, 256 GB)",12 GB RAM | 256 GB ROM17.02 cm (6.7 inch) Full HD+ Display50MP (OIS) + 50MP | 32MP Front Camera5000 mAh BatteryDimensity 7200 Pro Processor1 Year Manufacturing Warranty,"13,964 Ratings & 1,124 Reviews",4.4,25999.0,964.0,124.0,12.0,256.0,6.7,50.0,5000.0,1.0
"Nothing Phone (2a) 5G (Blue, 256 GB)",12 GB RAM | 256 GB ROM17.02 cm (6.7 inch) Full HD+ Display50MP (OIS) + 50MP | 32MP Front Camera5000 mAh BatteryDimensity 7200 Pro Processor1 Year Manufacturing Warranty,"13,964 Ratings & 1,124 Reviews",4.4,25999.0,964.0,124.0,12.0,256.0,6.7,50.0,5000.0,1.0
"Motorola G85 5G (Olive Green, 256 GB)",12 GB RAM | 256 GB ROM16.94 cm (6.67 inch) Full HD+ Display50MP + 8MP | 32MP Front Camera5000 mAh Battery6s Gen 3 Processor1 Year on Handset and 6 Months on Accessories,"62,677 Ratings & 3,510 Reviews",4.4,19999.0,677.0,510.0,12.0,256.0,6.67,50.0,5000.0,1.0
"Nothing Phone (2a) 5G (Blue, 256 GB)",8 GB RAM | 256 GB ROM17.02 cm (6.7 inch) Full HD+ Display50MP (OIS) + 50MP | 32MP Front Camera5000 mAh BatteryDimensity 7200 Pro Processor1 Year Manufacturing Warranty,"80,736 Ratings & 6,737 Reviews",4.4,23999.0,736.0,737.0,8.0,256.0,6.7,50.0,5000.0,1.0
"MOTOROLA g35 5G (Midnight Black, 128 GB)",4 GB RAM | 128 GB ROM | Expandable Upto 1 TB17.07 cm (6.72 inch) Full HD+ Display50MP + 8MP | 16MP Front Camera5000 mAh BatteryT760 Processor12 5G Bands with VoNR|4K Video Recording|Vision Booster Technology1 Year on Handset and 6 Months on Accessories,"32,397 Ratings & 2,650 Reviews",4.2,9999.0,397.0,650.0,4.0,128.0,6.72,50.0,5000.0,1.0
"Motorola Edge 50 Fusion (Forest Green, 128 GB)",8 GB RAM | 128 GB ROM17.02 cm (6.7 inch) Full HD+ Display50MP + 13MP | 32MP Front Camera5000 mAh Battery7s Gen 2 Processor1 Year on Handset and 6 Months on Accessories,"1,07,586 Ratings & 7,143 Reviews",4.5,22999.0,586.0,143.0,8.0,128.0,6.7,50.0,5000.0,1.0
"Motorola g45 5G (Brilliant Green, 128 GB)",4 GB RAM | 128 GB ROM | Expandable Upto 1 TB16.51 cm (6.5 inch) HD+ Display50MP + 2MP | 16MP Front Camera5000 mAh BatterySnapdragon 6s Gen 3 Processor1 Year Warranty on Handset and 6 Months Warranty on Accessories,"33,219 Ratings & 2,150 Reviews",4.3,10999.0,219.0,150.0,4.0,128.0,6.5,50.0,5000.0,1.0
"OPPO K12x 5G with 45W SUPERVOOC Charger In-The-Box (Midnight Violet, 256 GB)",8 GB RAM | 256 GB ROM | Expandable Upto 1 TB16.94 cm (6.67 inch) HD Display32MP + 2MP | 8MP Front Camera5100 mAh BatteryDimensity 6300 Processor1 Year Manufacturer Warranty for Device and 6 Months Manufacturer Warranty for Inbox Accessories,"18,755 Ratings & 834 Reviews",4.4,15999.0,755.0,834.0,8.0,256.0,6.67,50.0,5100.0,1.0
"REDMI A3X (Ocean Green, 64 GB)",3 GB RAM | 64 GB ROM | Expandable Upto 1 TB17.04 cm (6.71 inch) HD+ Display8MP Rear Camera | 5MP Front Camera5000 mAh Battery1 Year Manufacturer Warranty for Phone and 6 Months Warranty for In the Box Accessories,"2,200 Ratings & 86 Reviews",4.1,6199.0,200.0,86.0,3.0,64.0,6.71,8.0,5000.0,1.0
"Nothing Phone (2a) 5G (White, 128 GB)",8 GB RAM | 128 GB ROM17.02 cm (6.7 inch) Full HD+ Display50MP (OIS) + 50MP | 32MP Front Camera5000 mAh BatteryDimensity 7200 Pro Processor1 Year Manufacturing Warranty,"80,736 Ratings & 6,737 Reviews",4.4,21999.0,736.0,737.0,8.0,128.0,6.7,50.0,5000.0,1.0
"Apple iPhone 16 Plus (White, 512 GB)","512 GB ROM17.02 cm (6.7 inch) Super Retina XDR Display48MP + 12MP | 12MP Front CameraA18 Chip, 6 Core Processor Processor1 year warranty for phone and 1 year warranty for in Box Accessories.",759 Ratings & 45 Reviews,4.6,114900.0,759.0,45.0,8.0,512.0,6.7,50.0,5000.0,1.0
"REDMI A3X (Midnight Black, 128 GB)",4 GB RAM | 128 GB ROM | Expandable Upto 1 TB17.04 cm (6.71 inch) HD+ Display8MP Rear Camera | 5MP Front Camera5000 mAh Battery1 Year Manufacturer Warranty for Phone and 6 Months Warranty for In the Box Accessories,"1,426 Ratings & 73 Reviews",4.2,6999.0,426.0,73.0,4.0,128.0,6.71,8.0,5000.0,1.0
"Nokia 105 Single SIM, Keypad Mobile Phone with Wireless FM Radio",32 MB RAM | 32 MB ROM4.5 cm (1.77 inch) Display0MP | 0MP Front Camera1000 mAh BatterySC6531E Processor1YR BRAND WARRANTY ON HANDSET & 6 MONTHS WARRANTY ON ACCESSORIES,"1,44,204 Ratings & 8,849 Reviews",4.0,1174.0,204.0,849.0,8.0,128.0,1.77,50.0,1000.0,1.0
"Motorola g64 5G (Mint Green, 256 GB)",12 GB RAM | 256 GB ROM | Expandable Upto 1 TB16.51 cm (6.5 inch) Full HD+ Display50MP (OIS) + 8MP | 16MP Front Camera6000 mAh BatteryDimensity 7025 Processor1 Year on Handset and 6 Months on Accessories,"74,048 Ratings & 4,779 Reviews",4.2,15999.0,48.0,779.0,12.0,256.0,6.5,50.0,6000.0,1.0
"Motorola g64 5G (Ice Lilac, 256 GB)",12 GB RAM | 256 GB ROM | Expandable Upto 1 TB16.51 cm (6.5 inch) Full HD+ Display50MP (OIS) + 8MP | 16MP Front Camera6000 mAh BatteryDimensity 7025 Processor1 Year on Handset and 6 Months on Accessories,"74,048 Ratings & 4,779 Reviews",4.2,15999.0,48.0,779.0,12.0,256.0,6.5,50.0,6000.0,1.0
"Nothing Phone (3a) Pro (Grey, 256 GB)",8 GB RAM | 256 GB ROM17.2 cm (6.77 inch) Full HD+ Display50MP (Main) + 50MP (3X Periscope)+ 8MP (Ultra-Wide) | 50MP Front Camera5000 mAh Battery7s Gen3 Processor1 Year Manufacturing Warranty,"1,809 Ratings & 226 Reviews",4.5,31999.0,809.0,226.0,8.0,256.0,6.77,50.0,5000.0,1.0
"SAMSUNG Galaxy S25 Ultra 5G (Titanium Gray, 512 GB)",12 GB RAM | 512 GB ROM17.53 cm (6.9 inch) Quad HD+ Display200MP + 50MP + 50MP + 10MP | 12MP Front Camera5000 mAh Battery8 Elite for Galaxy Processor1 Year Manufacturer Warranty for Device and 6 Months for In-Box Accessories,"1,015 Ratings & 126 Reviews",4.7,141999.0,15.0,126.0,12.0,512.0,6.9,50.0,5000.0,1.0
"Nothing Phone (3a) Pro (Black, 128 GB)",8 GB RAM | 128 GB ROM17.2 cm (6.77 inch) Full HD+ Display50MP (Main) + 50MP (3X Periscope)+ 8MP (Ultra-Wide) | 50MP Front Camera5000 mAh Battery7s Gen3 Processor1 Year Manufacturing Warranty,"1,809 Ratings & 226 Reviews",4.5,29999.0,809.0,226.0,8.0,128.0,6.77,50.0,5000.0,1.0
"SAMSUNG M35 5G (Moonlight Blue, 128 GB)",6 GB RAM | 128 GB ROM16.76 cm (6.6 inch) Display50MP Rear Camera6000 mAh Battery1 YEAR,"3,885 Ratings & 307 Reviews",4.4,14505.0,885.0,307.0,6.0,128.0,6.6,50.0,6000.0,1.0
"POCO M6 Plus 5G (Misty Lavender, 128 GB)",8 GB RAM | 128 GB ROM | Expandable Upto 1 TB17.25 cm (6.79 inch) Full HD+ Display108MP + 2MP | 13MP Front Camera5030 mAh BatterySnapdragon 4 Gen2 AE Processor1 Year Manufacturer Warranty for Phone and 6 Months Warranty for In the Box Accessories,"7,338 Ratings & 491 Reviews",4.2,11499.0,338.0,491.0,8.0,128.0,6.79,50.0,5030.0,1.0
"Nothing Phone (3a) (White, 128 GB)",8 GB RAM | 128 GB ROM17.2 cm (6.77 inch) Full HD+ Display50MP (Main) + 50MP (2X Tele Photo) + 8MP (Ultra-Wide) | 32MP Front Camera5000 mAh Battery7s Gen3 Processor1 Year Manufacturing Warranty,"9,864 Ratings & 1,111 Reviews",4.5,24999.0,864.0,111.0,8.0,128.0,6.77,50.0,5000.0,1.0
"vivo T3 Ultra (Lunar Gray, 256 GB)",8 GB RAM | 256 GB ROM17.22 cm (6.78 inch) Display50MP + 8MP | 50MP Front Camera5500 mAh BatteryDimensity 9200+ Processor1 Year Warranty on Handset and 6 Months Warranty on Accessories,"14,080 Ratings & 1,240 Reviews",4.5,31999.0,80.0,240.0,8.0,256.0,6.78,50.0,5500.0,1.0
"vivo T3 Ultra (Lunar Gray, 128 GB)",8 GB RAM | 128 GB ROM17.22 cm (6.78 inch) Display50MP + 8MP | 50MP Front Camera5500 mAh BatteryDimensity 9200+ Processor1 Year Warranty on Handset and 6 Months Warranty on Accessories,"14,080 Ratings & 1,240 Reviews",4.5,29999.0,80.0,240.0,8.0,128.0,6.78,50.0,5500.0,1.0
"SAMSUNG S25 Ultra 5G (Titanium Gray, 256 GB)",12 GB RAM | 256 GB ROM17.53 cm (6.9 inch) Quad HD+ Display200MP + 50MP + 50MP + 10MP | 12MP Front Camera5000 mAh Battery8 Elite for Galaxy Processor1 Year Manufacturer Warranty for Device and 6 Months for In-Box Accessories,362 Ratings & 41 Reviews,4.6,129999.0,362.0,41.0,12.0,256.0,6.9,50.0,5000.0,1.0
"Nothing Phone (3a) Pro (Black, 256 GB)",12 GB RAM | 256 GB ROM17.2 cm (6.77 inch) Full HD+ Display50MP (Main) + 50MP (3X Periscope)+ 8MP (Ultra-Wide) | 50MP Front Camera5000 mAh Battery7s Gen3 Processor1 Year Manufacturing Warranty,371 Ratings & 45 Reviews,4.4,33999.0,371.0,45.0,12.0,256.0,6.77,50.0,5000.0,1.0
"Nothing Phone (3a) Pro (Grey, 256 GB)",12 GB RAM | 256 GB ROM17.2 cm (6.77 inch) Full HD+ Display50MP (Main) + 50MP (3X Periscope)+ 8MP (Ultra-Wide) | 50MP Front Camera5000 mAh Battery7s Gen3 Processor1 Year Manufacturing Warranty,371 Ratings & 45 Reviews,4.4,33999.0,371.0,45.0,12.0,256.0,6.77,50.0,5000.0,1.0
"Apple iPhone 16e (Black, 256 GB)","256 GB ROM15.49 cm (6.1 inch) Super Retina XDR Display48MP Rear Camera | 12MP Front CameraA18 Chip, 6 Core Processor1 year warranty for phone and 1 year warranty for in Box Accessories.",310 Ratings & 16 Reviews,4.6,69900.0,310.0,16.0,8.0,256.0,6.1,48.0,5000.0,1.0
"CMF by Nothing Phone 1 (Light Green, 128 GB)",6 GB RAM | 128 GB ROM | Expandable Upto 2 TB16.94 cm (6.67 inch) Full HD+ Display50MP + 2MP | 16MP Front Camera5000 mAh BatteryDimensity 7300 5G Processor1 Year Manufacturing Warranty,"71,052 Ratings & 5,073 Reviews",4.4,15999.0,52.0,73.0,6.0,128.0,6.67,50.0,5000.0,1.0
"vivo T3 Ultra (Frost Green, 256 GB)",8 GB RAM | 256 GB ROM17.22 cm (6.78 inch) Display50MP + 8MP | 50MP Front Camera5500 mAh BatteryDimensity 9200+ Processor1 Year Warranty on Handset and 6 Months Warranty on Accessories,"14,080 Ratings & 1,240 Reviews",4.5,31999.0,80.0,240.0,8.0,256.0,6.78,50.0,5500.0,1.0
"REDMI 13 5G (Black Diamond, 128 GB)",8 GB RAM | 128 GB ROM17.25 cm (6.79 inch) Display108MP Rear Camera5030 mAh BatteryBrand Warranty,"6,710 Ratings & 383 Reviews",4.3,13990.0,710.0,383.0,8.0,128.0,6.79,108.0,5030.0,1.0
"Nothing Phone (3a) Pro (Black, 256 GB)",8 GB RAM | 256 GB ROM17.2 cm (6.77 inch) Full HD+ Display50MP (Main) + 50MP (3X Periscope)+ 8MP (Ultra-Wide) | 50MP Front Camera5000 mAh Battery7s Gen3 Processor1 Year Manufacturing Warranty,"1,809 Ratings & 226 Reviews",4.5,31999.0,809.0,226.0,8.0,256.0,6.77,50.0,5000.0,1.0
"OPPO K12x 5G with 45W SUPERVOOC Charger In-The-Box (Feather Pink, 128 GB)",6 GB RAM | 128 GB ROM | Expandable Upto 1 TB16.94 cm (6.67 inch) HD Display32MP + 2MP | 8MP Front Camera5100 mAh BatteryDimensity 6300 Processor1 Year Manufacturer Warranty for Device and 6 Months Manufacturer Warranty for Inbox Accessories,"1,52,045 Ratings & 5,469 Reviews",4.5,12999.0,45.0,469.0,6.0,128.0,6.67,50.0,5100.0,1.0
"Nothing Phone (3a) (White, 256 GB)",8 GB RAM | 256 GB ROM17.2 cm (6.77 inch) Full HD+ Display50MP (Main) + 50MP (2X Tele Photo) + 8MP (Ultra-Wide) | 32MP Front Camera5000 mAh Battery7s Gen3 Processor1 Year Manufacturing Warranty,"9,864 Ratings & 1,111 Reviews",4.5,26999.0,864.0,111.0,8.0,256.0,6.77,50.0,5000.0,1.0
"Nothing Phone (3a) (Blue, 256 GB)",8 GB RAM | 256 GB ROM17.2 cm (6.77 inch) Full HD+ Display50MP (Main) + 50MP (2X Tele Photo) + 8MP (Ultra-Wide) | 32MP Front Camera5000 mAh Battery7s Gen3 Processor1 Year Manufacturing Warranty,"9,864 Ratings & 1,111 Reviews",4.5,26999.0,864.0,111.0,8.0,256.0,6.77,50.0,5000.0,1.0
"vivo T3 Ultra (Lunar Gray, 256 GB)",12 GB RAM | 256 GB ROM17.22 cm (6.78 inch) Display50MP + 8MP | 50MP Front Camera5500 mAh BatteryDimensity 9200+ Processor1 Year Warranty on Handset and 6 Months Warranty on Accessories,"6,869 Ratings & 574 Reviews",4.5,33999.0,869.0,574.0,12.0,256.0,6.78,50.0,5500.0,1.0
"Apple 16 Pro Max (Desert Titanium, 256 GB)","256 GB ROM17.53 cm (6.9 inch) Super Retina XDR Display48MP + 48MP + 12MP | 12MP Front CameraA18 Pro Chip, 6 Core Processor Processor1 year warranty for phone and 1 year warranty for in Box Accessories.",349 Ratings & 28 Reviews,4.6,135900.0,349.0,28.0,8.0,256.0,6.9,50.0,5000.0,1.0
"CMF by Nothing Phone 1 (Black, 128 GB)",6 GB RAM | 128 GB ROM | Expandable Upto 2 TB16.94 cm (6.67 inch) Full HD+ Display50MP + 2MP | 16MP Front Camera5000 mAh BatteryDimensity 7300 5G Processor1 Year Manufacturing Warranty,"71,052 Ratings & 5,073 Reviews",4.4,15999.0,52.0,73.0,6.0,128.0,6.67,50.0,5000.0,1.0
"CMF by Nothing Phone 1 (Orange, 128 GB)",6 GB RAM | 128 GB ROM | Expandable Upto 1 TB16.94 cm (6.67 inch) Full HD+ Display50MP + 2MP | 16MP Front Camera5000 mAh BatteryDimensity 7300 5G Processor1 Year Manufacturing Warranty,"71,052 Ratings & 5,073 Reviews",4.4,15999.0,52.0,73.0,6.0,128.0,6.67,50.0,5000.0,1.0
"Apple iPhone 15 (Black, 256 GB)","256 GB ROM15.49 cm (6.1 inch) Super Retina XDR Display48MP + 12MP | 12MP Front CameraA16 Bionic Chip, 6 Core Processor Processor1 year warranty for phone and 1 year warranty for in Box Accessories.","1,14,030 Ratings & 3,864 Reviews",4.6,74400.0,30.0,864.0,8.0,256.0,6.1,50.0,5000.0,1.0
"Motorola G85 5G (Viva Magenta, 256 GB)",12 GB RAM | 256 GB ROM16.94 cm (6.67 inch) Full HD+ Display50MP + 8MP | 32MP Front Camera5000 mAh Battery6s Gen 3 Processor1 Year on Handset and 6 Months on Accessories,"62,677 Ratings & 3,510 Reviews",4.4,19999.0,677.0,510.0,12.0,256.0,6.67,50.0,5000.0,1.0
"MOTOROLA Edge 50 (Peach Fuzz, 256 GB)",8 GB RAM | 256 GB ROM16.94 cm (6.67 inch) Display50MP + 13MP + 10MP | 32MP Front Camera5000 mAh BatterySnapdragon 7 Gen 1 Accelerated Edition Processor1 Year Warranty on Handset and 6 Months Warranty on Accessories,"28,122 Ratings & 2,087 Reviews",4.3,21999.0,122.0,87.0,8.0,256.0,6.67,50.0,5000.0,1.0
"realme P1 5G (Peacock Green, 128 GB)",6 GB RAM | 128 GB ROM | Expandable Upto 2 TB16.94 cm (6.67 inch) Full HD+ Display50MP + 2MP | 16MP Front Camera5000 mAh BatteryDimensity 7050 Processor1 Year Manufacturer Warranty for Device and 6 Months Manufacturer Warranty for Inbox Accessories,"96,904 Ratings & 5,687 Reviews",4.4,13999.0,904.0,687.0,6.0,128.0,6.67,50.0,5000.0,1.0
"Motorola G85 5G (Viva Magenta, 128 GB)",8 GB RAM | 128 GB ROM16.94 cm (6.67 inch) Full HD+ Display50MP + 8MP | 32MP Front Camera5000 mAh Battery6s Gen 3 Processor1 Year on Handset and 6 Months on Accessories,"1,58,837 Ratings & 8,562 Reviews",4.4,17999.0,837.0,562.0,8.0,128.0,6.67,50.0,5000.0,1.0
"Apple iPhone 15 (Black, 128 GB)","128 GB ROM15.49 cm (6.1 inch) Super Retina XDR Display48MP + 12MP | 12MP Front CameraA16 Bionic Chip, 6 Core Processor Processor1 year warranty for phone and 1 year warranty for in Box Accessories.","1,14,030 Ratings & 3,864 Reviews",4.6,64400.0,30.0,864.0,8.0,128.0,6.1,50.0,5000.0,1.0
"Infinix Note 40X 5G (Palm Blue, 256 GB)",12 GB RAM | 256 GB ROM | Expandable Upto 1 TB17.22 cm (6.78 inch) Full HD+ Display108MP + 2MP + AI Lens | 8MP Front Camera5000 mAh Lithium-ion Polymer BatteryDimensity 6300 Processor1 Year Warranty on Handset and 6 Months Warranty on Accessories,"27,988 Ratings & 1,916 Reviews",4.3,13999.0,988.0,916.0,12.0,256.0,6.78,50.0,5000.0,1.0
"Apple iPhone 16 Pro (Desert Titanium, 1 TB)","1 TB ROM16.0 cm (6.3 inch) Super Retina XDR Display48MP + 48MP + 12MP | 12MP Front CameraA18 Pro Chip, 6 Core Processor Processor1 year warranty for phone and 1 year warranty for in Box Accessories.","1,247 Ratings & 74 Reviews",4.7,162900.0,247.0,74.0,8.0,128.0,6.3,50.0,5000.0,1.0
"Apple iPhone 14 (Starlight, 512 GB)","512 GB ROM15.49 cm (6.1 inch) Super Retina XDR Display12MP + 12MP | 12MP Front CameraA15 Bionic Chip, 6 Core Processor Processor1 year warranty for phone and 1 year warranty for in Box Accessories.","2,54,421 Ratings & 9,875 Reviews",4.6,84999.0,421.0,875.0,8.0,512.0,6.1,50.0,5000.0,1.0
"CMF by Nothing Phone 1 (Blue, 128 GB)",6 GB RAM | 128 GB ROM | Expandable Upto 2 TB16.94 cm (6.67 inch) Full HD+ Display50MP + 2MP | 16MP Front Camera5000 mAh BatteryDimensity 7300 5G Processor1 Year Manufacturing Warranty,"71,052 Ratings & 5,073 Reviews",4.4,15999.0,52.0,73.0,6.0,128.0,6.67,50.0,5000.0,1.0
"SAMSUNG Galaxy S24+ 5G (Cobalt Violet, 256 GB)",12 GB RAM | 256 GB ROM17.02 cm (6.7 inch) Quad HD+ Display50MP + 10MP + 12MP | 12MP Front Camera4900 mAh BatteryExynos 2400 Processor1 Year Manufacturer Warranty for Device and 6 Months for In-Box Accessories,"6,149 Ratings & 475 Reviews",4.5,59890.0,149.0,475.0,12.0,256.0,6.7,50.0,4900.0,1.0
"vivo T3 Ultra (Frost Green, 256 GB)",12 GB RAM | 256 GB ROM17.22 cm (6.78 inch) Display50MP + 8MP | 50MP Front Camera5500 mAh BatteryDimensity 9200+ Processor1 Year Warranty on Handset and 6 Months Warranty on Accessories,"6,869 Ratings & 574 Reviews",4.5,33999.0,869.0,574.0,12.0,256.0,6.78,50.0,5500.0,1.0
"realme P1 5G (Feather Blue, 128 GB)",8 GB RAM | 128 GB ROM | Expandable Upto 2 TB16.94 cm (6.67 inch) Full HD+ Display50MP + 2MP | 16MP Front Camera5000 mAh BatteryDimensity 7050 Processor1 Year Manufacturer Warranty for Device and 6 Months Manufacturer Warranty for Inbox Accessories,"48,180 Ratings & 2,684 Reviews",4.4,14999.0,180.0,684.0,8.0,128.0,6.67,50.0,5000.0,1.0
"Apple iPhone 16 Pro (Desert Titanium, 256 GB)","256 GB ROM16.0 cm (6.3 inch) Super Retina XDR Display48MP + 48MP + 12MP | 12MP Front CameraA18 Pro Chip, 6 Core Processor Processor1 year warranty for phone and 1 year warranty for in Box Accessories.","1,247 Ratings & 74 Reviews",4.7,122900.0,247.0,74.0,8.0,256.0,6.3,50.0,5000.0,1.0
"Apple iPhone 16 Pro (Desert Titanium, 128 GB)","128 GB ROM16.0 cm (6.3 inch) Super Retina XDR Display48MP + 48MP + 12MP | 12MP Front CameraA18 Pro Chip, 6 Core Processor Processor1 year warranty for phone and 1 year warranty for in Box Accessories.","1,247 Ratings & 74 Reviews",4.7,112900.0,247.0,74.0,8.0,128.0,6.3,50.0,5000.0,1.0
"SAMSUNG Galaxy S25 Ultra 5G (Titanium Black, 256 GB)",12 GB RAM | 256 GB ROM17.53 cm (6.9 inch) Quad HD+ Display200MP + 50MP + 50MP + 10MP | 12MP Front Camera5000 mAh Battery8 Elite for Galaxy Processor1 Year Manufacturer Warranty for Device and 6 Months for In-Box Accessories,"1,015 Ratings & 126 Reviews",4.7,129999.0,15.0,126.0,12.0,256.0,6.9,50.0,5000.0,1.0
"SAMSUNG Galaxy A05 (Light Green, 128 GB)",6 GB RAM | 128 GB ROM | Expandable Upto 1 TB17.12 cm (6.74 inch) HD+ Display50MP + 2MP | 8MP Front Camera5000 mAh BatteryHelio G85 Processor1 Year Manufacturer Warranty for Device and 6 Months Manufacturer Warranty for Inbox Accessories,960 Ratings & 49 Reviews,4.2,8673.0,960.0,49.0,6.0,128.0,6.74,50.0,5000.0,1.0
"Apple iPhone 15 Plus (Black, 128 GB)","128 GB ROM17.02 cm (6.7 inch) Super Retina XDR Display48MP + 12MP | 12MP Front CameraA16 Bionic Chip, 6 Core Processor Processor1 year warranty for phone and 1 year warranty for in Box Accessories.","24,535 Ratings & 1,382 Reviews",4.6,74900.0,535.0,382.0,8.0,128.0,6.7,50.0,5000.0,1.0
Kechaoda A26,32 MB RAM | 32 MB ROM | Expandable Upto 16 GB1.68 cm (0.66 inch) Display800 mAh BatteryNO WARRANTY,"26,341 Ratings & 1,518 Reviews",4.0,899.0,341.0,518.0,8.0,128.0,0.66,50.0,800.0,1.0
"Nothing Phone (3a) Pro (Grey, 128 GB)",8 GB RAM | 128 GB ROM17.2 cm (6.77 inch) Full HD+ Display50MP (Main) + 50MP (3X Periscope)+ 8MP (Ultra-Wide) | 50MP Front Camera5000 mAh Battery7s Gen3 Processor1 Year Manufacturing Warranty,"1,809 Ratings & 226 Reviews",4.5,29999.0,809.0,226.0,8.0,128.0,6.77,50.0,5000.0,1.0
itel 5330 | 2.8 inch Big Display | 1900 mAh Battery | Kingvoice,32 MB RAM | 32 MB ROM | Expandable Upto 32 GB7.11 cm (2.8 inch) Quarter QVGA Display0.8MP + 0MP | 0MP Front Camera1900 mAh BatteryUnisoc Processor12+1 month manufacturer warranty,"3,618 Ratings & 212 Reviews",4.1,1255.0,618.0,212.0,8.0,128.0,2.8,50.0,1900.0,1.0
"Infinix Note 40X 5G (Lime Green, 256 GB)",12 GB RAM | 256 GB ROM | Expandable Upto 1 TB17.22 cm (6.78 inch) Full HD+ Display108MP + 2MP + AI Lens | 8MP Front Camera5000 mAh Lithium-ion Polymer BatteryDimensity 6300 Processor1 Year Warranty on Handset and 6 Months Warranty on Accessories,"27,988 Ratings & 1,916 Reviews",4.3,13999.0,988.0,916.0,12.0,256.0,6.78,50.0,5000.0,1.0
"realme P1 5G (Phoenix Red, 128 GB)",8 GB RAM | 128 GB ROM | Expandable Upto 2 TB16.94 cm (6.67 inch) Full HD+ Display50MP + 2MP | 16MP Front Camera5000 mAh BatteryDimensity 7050 Processor1 Year Manufacturer Warranty for Device and 6 Months Manufacturer Warranty for Inbox Accessories,"48,180 Ratings & 2,684 Reviews",4.4,14999.0,180.0,684.0,8.0,128.0,6.67,50.0,5000.0,1.0
"Apple 16 Pro (Desert Titanium, 512 GB)","512 GB ROM16.0 cm (6.3 inch) Super Retina XDR Display48MP + 48MP + 12MP | 12MP Front CameraA18 Pro Chip, 6 Core Processor Processor1 year warranty for phone and 1 year warranty for in Box Accessories.",16 Ratings & 0 Reviews,4.8,142900.0,16.0,0.0,8.0,512.0,6.3,50.0,5000.0,1.0
"Apple iPhone 14 Plus (Starlight, 128 GB)","128 GB ROM17.02 cm (6.7 inch) Super Retina XDR Display12MP + 12MP | 12MP Front CameraA15 Bionic Chip, 6 Core Processor Processor1 year warranty for phone and 1 year warranty for in Box Accessories.","38,237 Ratings & 2,036 Reviews",4.6,69900.0,237.0,36.0,8.0,128.0,6.7,50.0,5000.0,1.0
"Apple iPhone 14 (Starlight, 256 GB)","256 GB ROM15.49 cm (6.1 inch) Super Retina XDR Display12MP + 12MP | 12MP Front CameraA15 Bionic Chip, 6 Core Processor Processor1 year warranty for phone and 1 year warranty for in Box Accessories.","2,54,421 Ratings & 9,875 Reviews",4.6,64999.0,421.0,875.0,8.0,256.0,6.1,50.0,5000.0,1.0
"OnePlus Nord CE4 lite 5G (MEGA BLUE, 128 GB)",8 GB RAM | 128 GB ROM16.94 cm (6.67 inch) Display50MP Rear Camera5500 mAh Battery1 year,"13,917 Ratings & 684 Reviews",4.4,16468.0,917.0,684.0,8.0,128.0,6.67,50.0,5500.0,1.0
"OnePlus Nord CE4 lite 5G (SUPER SILVER, 256 GB)",8 GB RAM | 256 GB ROM16.94 cm (6.67 inch) Display50MP Rear Camera5500 mAh Battery1 year,"13,917 Ratings & 684 Reviews",4.4,22190.0,917.0,684.0,8.0,256.0,6.67,50.0,5500.0,1.0
"realme P1 5G (Phoenix Red, 128 GB)",6 GB RAM | 128 GB ROM | Expandable Upto 2 TB16.94 cm (6.67 inch) Full HD+ Display50MP + 2MP | 16MP Front Camera5000 mAh BatteryDimensity 7050 Processor1 Year Manufacturer Warranty for Device and 6 Months Manufacturer Warranty for Inbox Accessories,"96,904 Ratings & 5,687 Reviews",4.4,13999.0,904.0,687.0,6.0,128.0,6.67,50.0,5000.0,1.0
"realme P1 5G (Feather Blue, 128 GB)",6 GB RAM | 128 GB ROM | Expandable Upto 2 TB16.94 cm (6.67 inch) Full HD+ Display50MP + 2MP | 16MP Front Camera5000 mAh BatteryDimensity 7050 Processor1 Year Manufacturer Warranty for Device and 6 Months Manufacturer Warranty for Inbox Accessories,"96,904 Ratings & 5,687 Reviews",4.4,13999.0,904.0,687.0,6.0,128.0,6.67,50.0,5000.0,1.0
"CMF by Nothing Phone 1 (Light Green, 128 GB)",8 GB RAM | 128 GB ROM | Expandable Upto 2 TB16.94 cm (6.67 inch) Full HD+ Display50MP + 2MP | 16MP Front Camera5000 mAh BatteryDimensity 7300 5G Processor1 Year Manufacturing Warranty,"23,760 Ratings & 1,588 Reviews",4.4,17999.0,760.0,588.0,8.0,128.0,6.67,50.0,5000.0,1.0
"Nothing Phone (2a) 5G (Black, 256 GB)",12 GB RAM | 256 GB ROM17.02 cm (6.7 inch) Full HD+ Display50MP (OIS) + 50MP | 32MP Front Camera5000 mAh BatteryDimensity 7200 Pro Processor1 Year Manufacturing Warranty,"13,964 Ratings & 1,124 Reviews",4.4,25999.0,964.0,124.0,12.0,256.0,6.7,50.0,5000.0,1.0
"realme P2 Pro 5G (Parrot Green, 128 GB)",8 GB RAM | 128 GB ROM17.02 cm (6.7 inch) Full HD+ Display50MP + 8MP | 32MP Front Camera5200 mAh Battery7s Gen2 Processor1 Year Manufacturer Warranty for Device and 6 Months Manufacturer Warranty for Inbox Accessories,"10,601 Ratings & 760 Reviews",4.4,18999.0,601.0,760.0,8.0,128.0,6.7,50.0,5200.0,1.0
"realme P2 Pro 5G (Parrot Green, 256 GB)",12 GB RAM | 256 GB ROM17.02 cm (6.7 inch) Full HD+ Display50MP + 8MP | 32MP Front Camera5200 mAh Battery7s Gen2 Processor1 Year Manufacturer Warranty for Device and 6 Months Manufacturer Warranty for Inbox Accessories,"10,768 Ratings & 883 Reviews",4.4,19999.0,768.0,883.0,12.0,256.0,6.7,50.0,5200.0,1.0
Kechaoda A26,32 MB RAM | 32 MB ROM | Expandable Upto 16 GB1.68 cm (0.66 inch) QVGA Display0MP | 0MP Front Camera800 mAh BatteryNA ProcessorNO WARRANTY,"26,341 Ratings & 1,518 Reviews",4.0,885.0,341.0,518.0,8.0,128.0,0.66,50.0,800.0,1.0
"Motorola G85 5G (Cobalt Blue, 128 GB)",8 GB RAM | 128 GB ROM16.94 cm (6.67 inch) Full HD+ Display50MP + 8MP | 32MP Front Camera5000 mAh Battery6s Gen 3 Processor1 Year on Handset and 6 Months on Accessories,"1,58,837 Ratings & 8,562 Reviews",4.4,17999.0,837.0,562.0,8.0,128.0,6.67,50.0,5000.0,1.0
"Apple 15 Plus (Pink, 256 GB)","256 GB ROM17.02 cm (6.7 inch) Super Retina XDR Display48MP + 12MP | 12MP Front CameraA16 Bionic Chip, 6 Core Processor Processor1 year warranty for phone and 1 year warranty for in Box Accessories.","18,893 Ratings & 1,085 Reviews",4.6,84900.0,893.0,85.0,8.0,256.0,6.7,50.0,5000.0,1.0
"Apple 15 (Pink, 256 GB)","256 GB ROM15.49 cm (6.1 inch) Super Retina XDR Display48MP + 12MP | 12MP Front CameraA16 Bionic Chip, 6 Core Processor Processor1 year warranty for phone and 1 year warranty for in Box Accessories.","1,12,629 Ratings & 4,272 Reviews",4.6,74400.0,629.0,272.0,8.0,256.0,6.1,50.0,5000.0,1.0
"Motorola g64 5G (Pearl Blue, 128 GB)",8 GB RAM | 128 GB ROM | Expandable Upto 1 TB16.51 cm (6.5 inch) Full HD+ Display50MP (OIS) + 8MP | 16MP Front Camera6000 mAh BatteryDimensity 7025 Processor1 Year on Handset and 6 Months on Accessories,"49,721 Ratings & 3,142 Reviews",4.3,13999.0,721.0,142.0,8.0,128.0,6.5,50.0,6000.0,1.0
"realme 70 5G (Turbo Yellow, 128 GB)",8 GB RAM | 128 GB ROM16.94 cm (6.67 inch) Full HD+ Display50MP Rear Camera5000 mAh BatterySegment's Fastest Dimensity 7300 Energy 5G Chipset Processor12 Months Brand warranty,"1,206 Ratings & 115 Reviews",4.4,15407.0,206.0,115.0,8.0,128.0,6.67,50.0,5000.0,1.0
"realme 70 TURBO 5G (Turbo Green, 128 GB)",8 GB RAM | 128 GB ROM16.94 cm (6.67 inch) Full HD+ Display50MP Rear Camera5000 mAh BatterySegment's Fastest Dimensity 7300 Energy 5G Chipset Processor12 Months Brand warranty,"1,274 Ratings & 84 Reviews",4.4,15423.0,274.0,84.0,8.0,128.0,6.67,50.0,5000.0,1.0
"vivo T3 Ultra (Frost Green, 128 GB)",8 GB RAM | 128 GB ROM17.22 cm (6.78 inch) Display50MP + 8MP | 50MP Front Camera5500 mAh BatteryDimensity 9200+ Processor1 Year Warranty on Handset and 6 Months Warranty on Accessories,"14,080 Ratings & 1,240 Reviews",4.5,29999.0,80.0,240.0,8.0,128.0,6.78,50.0,5500.0,1.0
"Apple iPhone 15 Plus (Pink, 128 GB)","128 GB ROM17.02 cm (6.7 inch) Super Retina XDR Display48MP + 12MP | 12MP Front CameraA16 Bionic Chip, 6 Core Processor Processor1 year warranty for phone and 1 year warranty for in Box Accessories.","24,535 Ratings & 1,382 Reviews",4.6,74900.0,535.0,382.0,8.0,128.0,6.7,50.0,5000.0,1.0
"Apple iPhone 15 (Pink, 128 GB)","128 GB ROM15.49 cm (6.1 inch) Super Retina XDR Display48MP + 12MP | 12MP Front CameraA16 Bionic Chip, 6 Core Processor Processor1 year warranty for phone and 1 year warranty for in Box Accessories.","1,14,030 Ratings & 3,864 Reviews",4.6,64400.0,30.0,864.0,8.0,128.0,6.1,50.0,5000.0,1.0
"MOTOROLA Edge 50 (Koala Grey, 256 GB)",8 GB RAM | 256 GB ROM16.94 cm (6.67 inch) Display50MP + 13MP + 10MP | 32MP Front Camera5000 mAh BatterySnapdragon 7 Gen 1 Accelerated Edition Processor1 Year Warranty on Handset and 6 Months Warranty on Accessories,"28,122 Ratings & 2,087 Reviews",4.3,21999.0,122.0,87.0,8.0,256.0,6.67,50.0,5000.0,1.0
"Apple iPhone 13 (Starlight, 512 GB)",512 GB ROM15.49 cm (6.1 inch) Super Retina XDR Display12MP + 12MP | 12MP Front CameraA15 Bionic Chip Processor1 year warranty for phone and 1 year warranty for in Box Accessories.,"1,90,791 Ratings & 9,683 Reviews",4.6,74999.0,791.0,683.0,8.0,512.0,6.1,50.0,5000.0,1.0
"realme 70 TURBO 5G (Turbo Purple, 128 GB)",8 GB RAM | 128 GB ROM16.94 cm (6.67 inch) Full HD+ Display50MP Rear Camera5000 mAh BatterySegment's Fastest Dimensity 7300 Energy 5G Chipset Processor12 Months Brand warranty,"1,274 Ratings & 84 Reviews",4.4,15359.0,274.0,84.0,8.0,128.0,6.67,50.0,5000.0,1.0
"SAMSUNG M35 5G (Moonlight Blue, 128 GB)",6 GB RAM | 128 GB ROM16.76 cm (6.6 inch) Display50MP Rear Camera6000 mAh Battery1 YEAR,"3,885 Ratings & 307 Reviews",4.4,14499.0,885.0,307.0,6.0,128.0,6.6,50.0,6000.0,1.0
Jio PRIMA2 4G,500 MB RAM | 4 GB ROM | Expandable Upto 128 GB6.1 cm (2.4 inch) QVGA Display0.3MP Rear Camera1800 mAh Battery1 Year MANUFACTURER WARRANTY,693 Ratings & 24 Reviews,4.0,3048.0,693.0,24.0,8.0,4.0,2.4,3.0,1800.0,1.0
"Motorola Edge 50 Fusion (Forest Green, 256 GB)",12 GB RAM | 256 GB ROM17.02 cm (6.7 inch) Full HD+ Display50MP + 13MP | 32MP Front Camera5000 mAh Battery7s Gen 2 Processor1 Year on Handset and 6 Months on Accessories,"1,33,297 Ratings & 9,356 Reviews",4.4,24999.0,297.0,356.0,12.0,256.0,6.7,50.0,5000.0,1.0
"REDMI A4 5G only on Jio SIM (Sparkle Purple, 64 GB)",4 GB RAM | 64 GB ROM17.48 cm (6.88 inch) Display50MP Rear Camera5160 mAh Battery1 Year,"3,736 Ratings & 205 Reviews",4.3,9000.0,736.0,205.0,4.0,64.0,6.88,50.0,5160.0,1.0
"Nokia 110 4G Dual Sim, Keypad Mobile, Wireless FM Radio and Rear Camera",32 MB RAM | 32 MB ROM4.5 cm (1.77 inch) Display0.08MP Rear Camera1450 mAh BatteryT107 Processor1YR BRAND WARRANTY ON HANDSET & 6 MONTHS WARRANTY ON ACCESSORIES,"1,247 Ratings & 55 Reviews",4.0,2319.0,247.0,55.0,8.0,128.0,1.77,8.0,1450.0,1.0
"SAMSUNG Galaxy F16 5G (Glam Green, 128 GB)",6 GB RAM | 128 GB ROM16.91 cm (6.657 inch) Full HD+ Display50MP + 5MP + 2MP | 13MP Front Camera5000 mAh BatteryDimensity 6300 Processor1 Year Manufacturer Warranty for Device and 6 Months for In-Box Accessories,459 Ratings & 41 Reviews,4.2,12999.0,459.0,41.0,6.0,128.0,6.657,50.0,5000.0,1.0
Nokia 105 Classic with Charger,32 MB RAM | 32 MB ROM4.5 cm (1.77 inch) Display0MP Front Camera800 mAh BatterySC6531E ProcessorNo Warranty on this Product,"4,101 Ratings & 210 Reviews",3.9,1185.0,101.0,210.0,8.0,128.0,1.77,50.0,800.0,1.0
"Motorola g64 5G (Berry Red, 128 GB)",8 GB RAM | 128 GB ROM | Expandable Upto 1 TB16.51 cm (6.5 inch) Full HD+ Display50MP (OIS) + 8MP | 16MP Front Camera6000 mAh BatteryDimensity 7025 Processor1 Year on Handset and 6 Months on Accessories,"49,721 Ratings & 3,142 Reviews",4.3,13999.0,721.0,142.0,8.0,128.0,6.5,50.0,6000.0,1.0
"Motorola G85 5G (Cobalt Blue, 256 GB)",12 GB RAM | 256 GB ROM16.94 cm (6.67 inch) Full HD+ Display50MP + 8MP | 32MP Front Camera5000 mAh Battery6s Gen 3 Processor1 Year on Handset and 6 Months on Accessories,"62,677 Ratings & 3,510 Reviews",4.4,19999.0,677.0,510.0,12.0,256.0,6.67,50.0,5000.0,1.0
"REDMI A4 5G only on Jio SIM (Starry Black, 128 GB)",4 GB RAM | 128 GB ROM17.48 cm (6.88 inch) Display50MP Rear Camera5160 mAh Battery1 Year,"3,736 Ratings & 205 Reviews",4.3,9840.0,736.0,205.0,4.0,128.0,6.88,50.0,5160.0,1.0
"IQOO Z9s 5G (Onyx Green, 128 GB)",8 GB RAM | 128 GB ROM17.2 cm (6.77 inch) Display50MP Rear Camera5500 mAh Battery1 Year on Handset and 6 Months on Accessories,"3,604 Ratings & 230 Reviews",4.4,18902.0,604.0,230.0,8.0,128.0,6.77,50.0,5500.0,1.0
"realme 70 TURBO 5G (Turbo Purple, 128 GB)",6 GB RAM | 128 GB ROM16.94 cm (6.67 inch) Full HD+ Display50MP Rear Camera5000 mAh BatterySegment's Fastest Dimensity 7300 Energy 5G Chipset Processor12 Months Brand warranty,"3,451 Ratings & 283 Reviews",4.3,14424.0,451.0,283.0,6.0,128.0,6.67,50.0,5000.0,1.0
itel it5330 | 2.8 inch Big Display | 1900 mAh Battery | Kingvoice,32 MB RAM | 32 MB ROM | Expandable Upto 32 GB7.11 cm (2.8 inch) Quarter QVGA Display0.8MP + 0MP | 0MP Front Camera1900 mAh BatteryUnisoc Processor12+1 month manufacturer warranty,"9,515 Ratings & 594 Reviews",4.1,1255.0,515.0,594.0,8.0,128.0,2.8,50.0,1900.0,1.0
"Infinix Hot 50 5G (Sleek Black, 128 GB)",8 GB RAM | 128 GB ROM | Expandable Upto 1 TB17.02 cm (6.7 inch) HD+ Display48MP + Depth Sensor | 8MP Front Camera5000 mAh Lithium-ion Polymer BatteryDimensity 6300 Processor1 Year Warranty on Handset and 6 Months Warranty on Accessories,"13,943 Ratings & 1,032 Reviews",4.4,10499.0,943.0,32.0,8.0,128.0,6.7,50.0,5000.0,1.0
"Infinix Hot 50 5G (Dreamy Purple, 128 GB)",8 GB RAM | 128 GB ROM | Expandable Upto 1 TB17.02 cm (6.7 inch) HD+ Display48MP + Depth Sensor | 8MP Front Camera5000 mAh Lithium-ion Polymer BatteryDimensity 6300 Processor1 Year Warranty on Handset and 6 Months Warranty on Accessories,"13,943 Ratings & 1,032 Reviews",4.4,10499.0,943.0,32.0,8.0,128.0,6.7,50.0,5000.0,1.0
"REDMI A4 5G only on Jio SIM (Starry Black, 64 GB)",4 GB RAM | 64 GB ROM17.48 cm (6.88 inch) Display50MP Rear Camera5160 mAh Battery1 Year,"3,736 Ratings & 205 Reviews",4.3,8960.0,736.0,205.0,4.0,64.0,6.88,50.0,5160.0,1.0
"POCO M6 Plus 5G (Graphite Black, 128 GB)",6 GB RAM | 128 GB ROM | Expandable Upto 1 TB17.25 cm (6.79 inch) Full HD+ Display108MP + 2MP | 13MP Front Camera5030 mAh BatterySnapdragon 4 Gen2 AE Processor1 Year Manufacturer Warranty for Phone and 6 Months Warranty for In the Box Accessories,"33,372 Ratings & 2,060 Reviews",4.2,10499.0,372.0,60.0,6.0,128.0,6.79,50.0,5030.0,1.0
"vivo T3x 5G (Sapphire Blue, 128 GB)",6 GB RAM | 128 GB ROM | Expandable Upto 1 TB17.07 cm (6.72 inch) Full HD+ Display50MP + 2MP | 8MP Front Camera6000 mAh Battery6 Gen 1 Processor1 Year Manufacturer Warranty for Device and 6 Months Manufacturer Warranty for Inbox Accessories,"1,45,027 Ratings & 5,573 Reviews",4.5,13999.0,27.0,573.0,6.0,128.0,6.72,50.0,6000.0,1.0
"vivo T3x 5G (Crimson Bliss, 128 GB)",6 GB RAM | 128 GB ROM | Expandable Upto 1 TB17.06 cm (6.7165354 inch) Full HD+ Display50MP + 2MP | 8MP Front Camera6000 mAh Battery6 Gen 1 Processor1 Year Manufacturer Warranty for Device and 6 Months Manufacturer Warranty for Inbox Accessories,"1,45,027 Ratings & 5,573 Reviews",4.5,13999.0,27.0,573.0,6.0,128.0,6.7165354,50.0,6000.0,1.0
"vivo T3x 5G (Celestial Green, 128 GB)",6 GB RAM | 128 GB ROM | Expandable Upto 1 TB17.06 cm (6.7165354 inch) Full HD+ Display50MP + 2MP | 8MP Front Camera6000 mAh Battery6 Gen 1 Processor1 Year Manufacturer Warranty for Device and 6 Months Manufacturer Warranty for Inbox Accessories,"1,45,027 Ratings & 5,573 Reviews",4.5,13999.0,27.0,573.0,6.0,128.0,6.7165354,50.0,6000.0,1.0
"OnePlus Nord CE 3 Lite 5G (Chromatic Gray, 128 GB)",8 GB RAM | 128 GB ROM17.07 cm (6.72 inch) Display108MP Rear Camera5000 mAh BatteryDomestic Warranty of 12 months on phone & 6 months on accessories,"1,65,403 Ratings & 8,443 Reviews",4.4,19400.0,403.0,443.0,8.0,128.0,6.72,108.0,5000.0,1.0
"Infinix Hot 50 5G (Dreamy Purple, 128 GB)",4 GB RAM | 128 GB ROM | Expandable Upto 1 TB17.02 cm (6.7 inch) HD+ Display48MP + Depth Sensor | 8MP Front Camera5000 mAh Lithium-ion Polymer BatteryDimensity 6300 Processor1 Year Warranty on Handset and 6 Months Warranty on Accessories,"4,153 Ratings & 330 Reviews",4.3,9499.0,153.0,330.0,4.0,128.0,6.7,50.0,5000.0,1.0
"Motorola g64 5G (Berry Red, 256 GB)",12 GB RAM | 256 GB ROM | Expandable Upto 1 TB16.51 cm (6.5 inch) Full HD+ Display50MP (OIS) + 8MP | 16MP Front Camera6000 mAh BatteryDimensity 7025 Processor1 Year on Handset and 6 Months on Accessories,"74,048 Ratings & 4,779 Reviews",4.2,15999.0,48.0,779.0,12.0,256.0,6.5,50.0,6000.0,1.0
"REDMI A3X (Midnight Black, 64 GB)",4 GB RAM | 64 GB ROM | Expandable Upto 1 TB17.04 cm (6.71 inch) HD+ Display8MP Rear Camera | 5MP Front Camera5000 mAh Battery1 Year Manufacturer Warranty for Phone and 6 Months Warranty for In the Box Accessories,"1,426 Ratings & 73 Reviews",4.2,6499.0,426.0,73.0,4.0,64.0,6.71,8.0,5000.0,1.0
"REDMI A3X (Ocean Green, 64 GB)",4 GB RAM | 64 GB ROM | Expandable Upto 1 TB17.04 cm (6.71 inch) HD+ Display8MP Rear Camera | 5MP Front Camera5000 mAh Battery1 Year Manufacturer Warranty for Phone and 6 Months Warranty for In the Box Accessories,"1,426 Ratings & 73 Reviews",4.2,6499.0,426.0,73.0,4.0,64.0,6.71,8.0,5000.0,1.0
"SAMSUNG Galaxy S25 Ultra 5G (Titanium Silverblue, 256 GB)",12 GB RAM | 256 GB ROM17.53 cm (6.9 inch) Quad HD+ Display200MP + 50MP + 50MP + 10MP | 12MP Front Camera5000 mAh Battery8 Elite for Galaxy Processor1 Year Manufacturer Warranty for Device and 6 Months for In-Box Accessories,"1,015 Ratings & 126 Reviews",4.7,129999.0,15.0,126.0,12.0,256.0,6.9,50.0,5000.0,1.0
"REDMI A3X (Olive Green, 64 GB)",3 GB RAM | 64 GB ROM | Expandable Upto 1 TB17.04 cm (6.71 inch) HD+ Display8MP Rear Camera | 5MP Front Camera5000 mAh Battery1 Year Manufacturer Warranty for Phone and 6 Months Warranty for In the Box Accessories,"2,200 Ratings & 86 Reviews",4.1,6199.0,200.0,86.0,3.0,64.0,6.71,8.0,5000.0,1.0
"OnePlus Nord CE4 (Dark Chrome, 128 GB)",8 GB RAM | 128 GB ROM17.02 cm (6.7 inch) Display50MP Rear Camera5500 mAh BatteryOxygenOS 14.0 ProcessorDomestic Warranty 1 Year For Handset And 6 month For Accessories.,"20,448 Ratings & 1,172 Reviews",4.5,22430.0,448.0,172.0,8.0,128.0,6.7,50.0,5500.0,1.0
"realme 14x 5G (Golden Glow, 128 GB)",8 GB RAM | 128 GB ROM | Expandable Upto 2 TB16.94 cm (6.67 inch) HD+ Display50MP Rear Camera | 8MP Front Camera6000 mAh BatteryDimensity 6300 Processor1 Year Manufacturer Warranty for Device and 6 Months Manufacturer Warranty for Inbox Accessories,"2,867 Ratings & 146 Reviews",4.4,15999.0,867.0,146.0,8.0,128.0,6.67,50.0,6000.0,1.0
"Infinix Hot 50 5G (Vibrant Blue, 128 GB)",8 GB RAM | 128 GB ROM | Expandable Upto 1 TB17.02 cm (6.7 inch) HD+ Display48MP + Depth Sensor | 8MP Front Camera5000 mAh Lithium-ion Polymer BatteryDimensity 6300 Processor1 Year Warranty on Handset and 6 Months Warranty on Accessories,"13,943 Ratings & 1,032 Reviews",4.4,10499.0,943.0,32.0,8.0,128.0,6.7,50.0,5000.0,1.0
"Infinix Hot 50 5G (Sage Green, 128 GB)",8 GB RAM | 128 GB ROM | Expandable Upto 1 TB17.02 cm (6.7 inch) HD+ Display48MP + Depth Sensor | 8MP Front Camera5000 mAh Lithium-ion Polymer BatteryDimensity 6300 Processor1 Year Warranty on Handset and 6 Months Warranty on Accessories,"13,943 Ratings & 1,032 Reviews",4.4,10499.0,943.0,32.0,8.0,128.0,6.7,50.0,5000.0,1.0
"OnePlus Nord CE4 (Celadon Marble, 128 GB)",8 GB RAM | 128 GB ROM17.02 cm (6.7 inch) Display50MP Rear Camera5500 mAh BatteryOxygenOS 14.0 ProcessorDomestic Warranty 1 Year For Handset And 6 month For Accessories.,"20,448 Ratings & 1,172 Reviews",4.5,23999.0,448.0,172.0,8.0,128.0,6.7,50.0,5500.0,1.0
"vivo T3x 5G (Celestial Green, 128 GB)",4 GB RAM | 128 GB ROM | Expandable Upto 1 TB17.06 cm (6.7165354 inch) Full HD+ Display50MP + 2MP | 8MP Front Camera6000 mAh Battery6 Gen 1 Processor1 Year Manufacturer Warranty for Device and 6 Months Manufacturer Warranty for Inbox Accessories,"54,092 Ratings & 2,167 Reviews",4.4,12499.0,92.0,167.0,4.0,128.0,6.7165354,50.0,6000.0,1.0
"vivo T3x 5G (Crimson Blss, 128 GB)",4 GB RAM | 128 GB ROM | Expandable Upto 1 TB17.06 cm (6.7165354 inch) Full HD+ Display50MP + 2MP | 8MP Front Camera6000 mAh Battery6 Gen 1 Processor1 Year Manufacturer Warranty for Device and 6 Months Manufacturer Warranty for Inbox Accessories,"54,092 Ratings & 2,167 Reviews",4.4,12499.0,92.0,167.0,4.0,128.0,6.7165354,50.0,6000.0,1.0
"realme P3 5G (Nebula Pink, 128 GB)",6 GB RAM | 128 GB ROM | Expandable Upto 2 TB16.94 cm (6.67 inch) Full HD+ Display50MP + 2MP | 16MP Front Camera6000 mAh Battery6 Gen 4 Processor1 Year Manufacturer Warranty for Device and 6 Months Manufacturer Warranty for Inbox Accessories,"2,250 Ratings & 231 Reviews",4.4,16999.0,250.0,231.0,6.0,128.0,6.67,50.0,6000.0,1.0
"vivo T3x 5G (Crimson Bliss, 128 GB)",8 GB RAM | 128 GB ROM | Expandable Upto 1 TB17.06 cm (6.7165354 inch) Full HD+ Display50MP + 2MP | 8MP Front Camera6000 mAh Battery6 Gen 1 Processor1 Year Manufacturer Warranty for Device and 6 Months Manufacturer Warranty for Inbox Accessories,"28,614 Ratings & 1,448 Reviews",4.4,15499.0,614.0,448.0,8.0,128.0,6.7165354,50.0,6000.0,1.0
"Infinix Hot 50 5G (Sleek Black, 128 GB)",4 GB RAM | 128 GB ROM | Expandable Upto 1 TB17.02 cm (6.7 inch) HD+ Display48MP + Depth Sensor | 8MP Front Camera5000 mAh Lithium-ion Polymer BatteryDimensity 6300 Processor1 Year Warranty on Handset and 6 Months Warranty on Accessories,"4,153 Ratings & 330 Reviews",4.3,9499.0,153.0,330.0,4.0,128.0,6.7,50.0,5000.0,1.0
"SAMSUNG S25 Ultra 5G (Titanium Silverblue, 1024 GB)",12 GB RAM | 1024 GB ROM17.53 cm (6.9 inch) Quad HD+ Display200MP + 50MP + 50MP + 10MP | 12MP Front Camera5000 mAh Battery8 Elite for Galaxy Processor1 Year Manufacturer Warranty for Device and 6 Months for In-Box Accessories,362 Ratings & 41 Reviews,4.6,165999.0,362.0,41.0,12.0,1024.0,6.9,50.0,5000.0,1.0
"Infinix Hot 50 5G (Vibrant Blue, 128 GB)",4 GB RAM | 128 GB ROM | Expandable Upto 1 TB17.02 cm (6.7 inch) HD+ Display48MP + Depth Sensor | 8MP Front Camera5000 mAh Lithium-ion Polymer BatteryDimensity 6300 Processor1 Year Warranty on Handset and 6 Months Warranty on Accessories,"4,153 Ratings & 330 Reviews",4.3,9499.0,153.0,330.0,4.0,128.0,6.7,50.0,5000.0,1.0
"Infinix Hot 50 5G (Sage Green, 128 GB)",4 GB RAM | 128 GB ROM | Expandable Upto 1 TB17.02 cm (6.7 inch) HD+ Display48MP + Depth Sensor | 8MP Front Camera5000 mAh Lithium-ion Polymer BatteryDimensity 6300 Processor1 Year Warranty on Handset and 6 Months Warranty on Accessories,"4,153 Ratings & 330 Reviews",4.3,9499.0,153.0,330.0,4.0,128.0,6.7,50.0,5000.0,1.0
"OnePlus Nord CE4 (Dark Chrome, 256 GB)",8 GB RAM | 256 GB ROM17.02 cm (6.7 inch) Display50MP Rear Camera5500 mAh BatteryOxygenOS 14.0 ProcessorDomestic Warranty 1 Year For Handset And 6 month For Accessories.,"20,448 Ratings & 1,172 Reviews",4.5,24458.0,448.0,172.0,8.0,256.0,6.7,50.0,5500.0,1.0
"vivo T3x 5G (Sapphire Blue, 128 GB)",8 GB RAM | 128 GB ROM | Expandable Upto 1 TB17.07 cm (6.72 inch) Full HD+ Display50MP + 2MP | 8MP Front Camera6000 mAh Battery6 Gen 1 Processor1 Year Manufacturer Warranty for Device and 6 Months Manufacturer Warranty for Inbox Accessories,"28,614 Ratings & 1,448 Reviews",4.4,15499.0,614.0,448.0,8.0,128.0,6.72,50.0,6000.0,1.0
"vivo T3x 5G (Celestial Green, 128 GB)",8 GB RAM | 128 GB ROM | Expandable Upto 1 TB17.06 cm (6.7165354 inch) Full HD+ Display50MP + 2MP | 8MP Front Camera6000 mAh Battery6 Gen 1 Processor1 Year Manufacturer Warranty for Device and 6 Months Manufacturer Warranty for Inbox Accessories,"28,614 Ratings & 1,448 Reviews",4.4,15499.0,614.0,448.0,8.0,128.0,6.7165354,50.0,6000.0,1.0
"SAMSUNG Galaxy S25 Ultra 5G (Titanium Silverblue, 512 GB)",12 GB RAM | 512 GB ROM17.53 cm (6.9 inch) Quad HD+ Display200MP + 50MP + 50MP + 10MP | 12MP Front Camera5000 mAh Battery8 Elite for Galaxy Processor1 Year Manufacturer Warranty for Device and 6 Months for In-Box Accessories,"1,015 Ratings & 126 Reviews",4.7,141999.0,15.0,126.0,12.0,512.0,6.9,50.0,5000.0,1.0
"REDMI 13 5G (Hawaiian Blue, 128 GB)",6 GB RAM | 128 GB ROM17.25 cm (6.79 inch) Full HD+ Display108MP Rear Camera5030 mAh BatteryQualcomm SM4450 Snapdragon 4 Gen 2 AE (4 nm) Processor1 year manufacture warranty,"28,994 Ratings & 1,525 Reviews",4.3,12414.0,994.0,525.0,6.0,128.0,6.79,108.0,5030.0,1.0
"realme P3 5G (Nebula Pink, 128 GB)",8 GB RAM | 128 GB ROM | Expandable Upto 2 TB16.94 cm (6.67 inch) Full HD+ Display50MP + 2MP | 16MP Front Camera6000 mAh Battery6 Gen 4 Processor1 Year Manufacturer Warranty for Device and 6 Months Manufacturer Warranty for Inbox Accessories,"1,280 Ratings & 121 Reviews",4.4,17999.0,280.0,121.0,8.0,128.0,6.67,50.0,6000.0,1.0
"vivo T3x 5G (Sapphire Blue, 128 GB)",4 GB RAM | 128 GB ROM | Expandable Upto 1 TB17.07 cm (6.72 inch) Full HD+ Display50MP + 2MP | 8MP Front Camera6000 mAh Battery6 Gen 1 Processor1 Year Manufacturer Warranty for Device and 6 Months Manufacturer Warranty for Inbox Accessories,"54,092 Ratings & 2,167 Reviews",4.4,12499.0,92.0,167.0,4.0,128.0,6.72,50.0,6000.0,1.0
"realme P3 5G (Space Silver, 128 GB)",8 GB RAM | 128 GB ROM | Expandable Upto 2 TB16.94 cm (6.67 inch) Full HD+ Display50MP + 2MP | 16MP Front Camera6000 mAh Battery6 Gen 4 Processor1 Year Manufacturer Warranty for Device and 6 Months Manufacturer Warranty for Inbox Accessories,"1,280 Ratings & 121 Reviews",4.4,17999.0,280.0,121.0,8.0,128.0,6.67,50.0,6000.0,1.0
Kechaoda K115,32 MB RAM | 32 MB ROM | Expandable Upto 16 GB3.66 cm (1.44 inch) QVGA Display0.3MP + 0MP | 0MP Front Camera850 mAh BatteryNO Processor1 Month Company Domestic Warranty by Company Authorized Service Center.,"39,285 Ratings & 2,591 Reviews",4.1,997.0,285.0,591.0,8.0,128.0,1.44,50.0,850.0,1.0
"OnePlus Nord CE 3 Lite 5G (Pastel Lime, 256 GB)",8 GB RAM | 256 GB ROM17.07 cm (6.72 inch) Display108MP Rear Camera5000 mAh BatteryDomestic Warranty of 12 months on phone & 6 months on accessories,"1,65,403 Ratings & 8,443 Reviews",4.4,21990.0,403.0,443.0,8.0,256.0,6.72,108.0,5000.0,1.0
"OnePlus Nord CE4 lite 5G (SUPER SILVER, 128 GB)",8 GB RAM | 128 GB ROM16.94 cm (6.67 inch) Display50MP Rear Camera5500 mAh Battery1 year,"13,917 Ratings & 684 Reviews",4.4,16707.0,917.0,684.0,8.0,128.0,6.67,50.0,5500.0,1.0
"REDMI 13 5G (Orchid Pink, 128 GB)",6 GB RAM | 128 GB ROM | Expandable Upto 1 TB17.25 cm (6.79 inch) Full HD+ Display108MP + 2MP | 13MP Front Camera5030 mAh Lithium Polymer Battery4 Gen 2 AE Processor1 Year Manufacturer Warranty for Phone and 6 Months Warranty for In the Box Accessories,"28,994 Ratings & 1,525 Reviews",4.3,12499.0,994.0,525.0,6.0,128.0,6.79,50.0,5030.0,1.0
"realme P1 5G (Peacock Green, 256 GB)",8 GB RAM | 256 GB ROM | Expandable Upto 2 TB16.94 cm (6.67 inch) Full HD+ Display50MP + 2MP | 16MP Front Camera5000 mAh BatteryDimensity 7050 Processor1 Year Manufacturer Warranty for Device and 6 Months Manufacturer Warranty for Inbox Accessories,"48,180 Ratings & 2,684 Reviews",4.4,15999.0,180.0,684.0,8.0,256.0,6.67,50.0,5000.0,1.0
"Motorola Edge 50 Neo (PANTONE Nautical Blue, 256 GB)",8 GB RAM | 256 GB ROM16.26 cm (6.4 inch) Super HD Display50MP + 13MP + 10MP | 32MP Front Camera4310 mAh BatteryDimensity 7300 Processor1 Year Warranty on Handset and 6 Months Warranty on Accessories,"23,046 Ratings & 2,317 Reviews",4.4,20999.0,46.0,317.0,8.0,256.0,6.4,50.0,4310.0,1.0
Kechaoda K115,32 MB RAM | 32 MB ROM | Expandable Upto 32 GB3.66 cm (1.44 inch) QVGA Display0.3MP + 0MP | 0MP Front Camera850 mAh BatteryNA Processor1 Month Company Domestic Warranty by Company Authorized Service Center.,"39,285 Ratings & 2,591 Reviews",4.1,994.0,285.0,591.0,8.0,128.0,1.44,50.0,850.0,1.0
Kechaoda K115,32 MB RAM | 32 MB ROM | Expandable Upto 32 GB3.66 cm (1.44 inch) QVGA Display0.3MP + 0.5MP | 0MP Front Camera850 mAh BatteryNA Processor1 Year Company Domestic Warranty by Company Authorized Service Center.,"39,285 Ratings & 2,591 Reviews",4.1,998.0,285.0,591.0,8.0,128.0,1.44,50.0,850.0,1.0
"vivo Y18t (Gem Green, 128 GB)",4 GB RAM | 128 GB ROM | Expandable Upto 1 TB16.66 cm (6.56 inch) Display50MP + 0.08MP | 8MP Front Camera5000 mAh BatteryT612 Processor1 Year Manufacturer Warranty for Device and 6 Months for Inbox Accessories,217 Ratings & 6 Reviews,4.3,8499.0,217.0,6.0,4.0,128.0,6.56,50.0,5000.0,1.0
"Infinix Note 40X 5G (Lime Green, 256 GB)",8 GB RAM | 256 GB ROM | Expandable Upto 1 TB17.22 cm (6.78 inch) Full HD+ Display108MP + 2MP + AI Lens | 8MP Front Camera5000 mAh Lithium-ion Polymer BatteryDimensity 6300 Processor1 Year Warranty on Handset and 6 Months Warranty on Accessories,"3,755 Ratings & 239 Reviews",4.2,12999.0,755.0,239.0,8.0,256.0,6.78,50.0,5000.0,1.0
"Infinix Note 40X 5G (Palm Blue, 256 GB)",8 GB RAM | 256 GB ROM | Expandable Upto 1 TB17.22 cm (6.78 inch) Full HD+ Display108MP + 2MP + AI Lens | 8MP Front Camera5000 mAh Lithium-ion Polymer BatteryDimensity 6300 Processor1 Year Warranty on Handset and 6 Months Warranty on Accessories,"3,755 Ratings & 239 Reviews",4.2,12999.0,755.0,239.0,8.0,256.0,6.78,50.0,5000.0,1.0
"vivo V50 5G (Titanium Grey, 128 GB)",8 GB RAM | 128 GB ROM17.2 cm (6.77 inch) Display50MP + 50MP | 50MP Front Camera6000 mAh Battery7 Gen 3 Processor1 Year Manufacturer Warranty for Device and 6 Months Warranty for Inbox Accessories,"2,385 Ratings & 259 Reviews",4.5,34999.0,385.0,259.0,8.0,128.0,6.77,50.0,6000.0,1.0
"vivo V50 5G (Rose Red, 128 GB)",8 GB RAM | 128 GB ROM17.2 cm (6.77 inch) Display50MP + 50MP | 50MP Front Camera6000 mAh Battery7 Gen 3 Processor1 Year Manufacturer Warranty for Device and 6 Months Warranty for Inbox Accessories,"2,385 Ratings & 259 Reviews",4.5,34999.0,385.0,259.0,8.0,128.0,6.77,50.0,6000.0,1.0
"SAMSUNG Galaxy F06 5G (Lit Violet, 128 GB)",6 GB RAM | 128 GB ROM | Expandable Upto 1500 GB17.02 cm (6.7 inch) HD+ Display50MP + 2MP | 8MP Front Camera5000 mAh BatteryDimensity 6300 Processor1 Year Manufacturer Warranty for Device and 6 Months for In-Box Accessories,"1,429 Ratings & 141 Reviews",4.1,10699.0,429.0,141.0,6.0,128.0,6.7,50.0,5000.0,1.0
"realme Narzo N61 (Marble Black, 64 GB)",4 GB RAM | 64 GB ROM17.12 cm (6.74 inch) Display32MP Rear Camera5000 mAh Battery1 Year,"4,008 Ratings & 199 Reviews",4.3,7980.0,8.0,199.0,4.0,64.0,6.74,32.0,5000.0,1.0
"realme C61 (Safari Green, 64 GB)",4 GB RAM | 64 GB ROM | Expandable Upto 2 TB17.13 cm (6.745 inch) HD+ Display32MP Rear Camera | 5MP Front Camera5000 mAh BatteryT612 Processor1 Year Manufacturer Warranty for Device and 6 Months Manufacturer Warranty for Inbox Accessories,"5,538 Ratings & 222 Reviews",4.3,7699.0,538.0,222.0,4.0,64.0,6.745,32.0,5000.0,1.0
"Apple iPhone 15 (Green, 256 GB)","256 GB ROM15.49 cm (6.1 inch) Super Retina XDR Display48MP + 12MP | 12MP Front CameraA16 Bionic Chip, 6 Core Processor Processor1 year warranty for phone and 1 year warranty for in Box Accessories.","1,14,030 Ratings & 3,864 Reviews",4.6,74400.0,30.0,864.0,8.0,256.0,6.1,50.0,5000.0,1.0
"realme P1 5G (Feather Blue, 256 GB)",8 GB RAM | 256 GB ROM | Expandable Upto 2 TB16.94 cm (6.67 inch) Full HD+ Display50MP + 2MP | 16MP Front Camera5000 mAh BatteryDimensity 7050 Processor1 Year Manufacturer Warranty for Device and 6 Months Manufacturer Warranty for Inbox Accessories,"48,180 Ratings & 2,684 Reviews",4.4,15999.0,180.0,684.0,8.0,256.0,6.67,50.0,5000.0,1.0
Kechaoda K115,32 MB RAM | 32 MB ROM | Expandable Upto 32 GB3.66 cm (1.44 inch) QVGA Display0.3MP + 0MP | 0MP Front Camera850 mAh BatteryNA Processor1 Year Company Domestic Warranty by Company Authorized Service Center.,"39,285 Ratings & 2,591 Reviews",4.1,994.0,285.0,591.0,8.0,128.0,1.44,50.0,850.0,1.0
"SAMSUNG Galaxy F16 5G (Vibing Blue, 128 GB)",8 GB RAM | 128 GB ROM16.91 cm (6.657 inch) Full HD+ Display50MP + 5MP + 2MP | 13MP Front Camera5000 mAh BatteryDimensity 6300 Processor1 Year Manufacturer Warranty for Device and 6 Months for In-Box Accessories,176 Ratings & 20 Reviews,4.2,14499.0,176.0,20.0,8.0,128.0,6.657,50.0,5000.0,1.0
Kechaoda K115,32 MB RAM | 32 MB ROM3.66 cm (1.44 inch) QVGA Display0.3MP Rear Camera850 mAh Battery1 Year Company Domestic Warranty by Company Authorized Service Center.,"39,285 Ratings & 2,591 Reviews",4.1,998.0,285.0,591.0,8.0,128.0,1.44,3.0,850.0,1.0
Kechaoda K115,32 MB RAM | 32 MB ROM | Expandable Upto 32 GB3.66 cm (1.44 inch) QVGA Display0.3MP + 0MP | 0MP Front Camera850 mAh BatteryNA ProcessorNO WARRANTY,"39,285 Ratings & 2,591 Reviews",4.1,998.0,285.0,591.0,8.0,128.0,1.44,50.0,850.0,1.0
"realme Narzo N61 (Voyage Blue, 128 GB)",6 GB RAM | 128 GB ROM17.12 cm (6.74 inch) Display32MP Rear Camera5000 mAh Battery1 Year,"1,302 Ratings & 56 Reviews",4.2,8940.0,302.0,56.0,6.0,128.0,6.74,32.0,5000.0,1.0
"Nokia 130 Music Dual Sim, Music Player, Wireless FM Radio and Dedicated Music Buttons",4 MB RAM | 4 MB ROM6.1 cm (2.4 inch) Display0MP Front Camera1450 mAh Battery6261D Processor1YR BRAND WARRANTY ON HANDSET & 6 MONTHS WARRANTY ON ACCESSORIES,"6,993 Ratings & 405 Reviews",4.0,1770.0,993.0,405.0,8.0,128.0,2.4,50.0,1450.0,1.0
"Apple iPhoe 15 (Green, 128 GB)","128 GB ROM15.49 cm (6.1 inch) Super Retina XDR Display48MP + 12MP | 12MP Front CameraA16 Bionic Chip, 6 Core Processor Processor1 year warranty for phone and 1 year warranty for in Box Accessories.","25,560 Ratings & 1,034 Reviews",4.6,64400.0,560.0,34.0,8.0,128.0,6.1,50.0,5000.0,1.0
"SAMSUNG Galaxy S25 Ultra 5G (Titanium Whitesilver, 512 GB)",12 GB RAM | 512 GB ROM17.53 cm (6.9 inch) Quad HD+ Display200MP + 50MP + 50MP + 10MP | 12MP Front Camera5000 mAh Battery8 Elite for Galaxy Processor1 Year Manufacturer Warranty for Device and 6 Months for In-Box Accessories,"1,015 Ratings & 126 Reviews",4.7,141999.0,15.0,126.0,12.0,512.0,6.9,50.0,5000.0,1.0
"Nokia 130 Music Dual Sim, Music Player, Wireless FM Radio and Dedicated Music Buttons",4 MB RAM | 4 MB ROM6.1 cm (2.4 inch) Display0MP Front Camera1450 mAh Battery6261D Processor1YR BRAND WARRANTY ON HANDSET & 6 MONTHS WARRANTY ON ACCESSORIES,"6,993 Ratings & 405 Reviews",4.0,1961.0,993.0,405.0,8.0,128.0,2.4,50.0,1450.0,1.0
"SAMSUNG Galaxy S25 Ultra 5G (Titanium Whitesilver, 256 GB)",12 GB RAM | 256 GB ROM17.53 cm (6.9 inch) Quad HD+ Display200MP + 50MP + 50MP + 10MP | 12MP Front Camera5000 mAh Battery8 Elite for Galaxy Processor1 Year Manufacturer Warranty for Device and 6 Months for In-Box Accessories,"1,015 Ratings & 126 Reviews",4.7,129999.0,15.0,126.0,12.0,256.0,6.9,50.0,5000.0,1.0
"POCO C61 (Mystical Green, 64 GB)",4 GB RAM | 64 GB ROM | Expandable Upto 1 TB17.04 cm (6.71 inch) HD+ Display8MP Rear Camera | 5MP Front Camera5000 mAh BatteryHelio G36 Processor1 Year Manufacturer Warranty for Phone and 6 Months Warranty for In the Box Accessories,"93,814 Ratings & 3,984 Reviews",4.2,6999.0,814.0,984.0,4.0,64.0,6.71,8.0,5000.0,1.0
"IQOO Z9X (Tornado Green, 128 GB)",8 GB RAM | 128 GB ROM17.07 cm (6.72 inch) Display50MP Rear Camera6000 mAh Battery1 year manufacturer warranty for device and 6 months manufacturer warranty for in-box accessories,"1,630 Ratings & 56 Reviews",4.3,16400.0,630.0,56.0,8.0,128.0,6.72,50.0,6000.0,1.0
"realme Narzo N61 (Vyage Blue, 64 GB)",4 GB RAM | 64 GB ROM17.12 cm (6.74 inch) Display32MP Rear Camera5000 mAh Battery1 Year,"4,008 Ratings & 199 Reviews",4.3,7812.0,8.0,199.0,4.0,64.0,6.74,32.0,5000.0,1.0
"SAMSUNG Galaxy A05 (Silver, 128 GB)",6 GB RAM | 128 GB ROM | Expandable Upto 1 TB17.12 cm (6.74 inch) HD+ Display50MP + 2MP | 8MP Front Camera5000 mAh BatteryHelio G85 Processor1 Year Manufacturer Warranty for Device and 6 Months Manufacturer Warranty for Inbox Accessories,960 Ratings & 49 Reviews,4.2,8892.0,960.0,49.0,6.0,128.0,6.74,50.0,5000.0,1.0
Kechaoda A26,32 MB RAM | 32 MB ROM | Expandable Upto 16 GB1.68 cm (0.66 inch) QVGA Display0MP | 0MP Front Camera800 mAh BatteryNA ProcessorNO WARRANTY,"26,341 Ratings & 1,518 Reviews",4.0,897.0,341.0,518.0,8.0,128.0,0.66,50.0,800.0,1.0
"SAMSUNG Galaxy F06 5G (Bahama Blue, 128 GB)",6 GB RAM | 128 GB ROM | Expandable Upto 1500 GB17.02 cm (6.7 inch) HD+ Display50MP + 2MP | 8MP Front Camera5000 mAh BatteryDimensity 6300 Processor1 Year Manufacturer Warranty for Device and 6 Months for In-Box Accessories,"1,429 Ratings & 141 Reviews",4.1,10699.0,429.0,141.0,6.0,128.0,6.7,50.0,5000.0,1.0
"realme P3 5G (Comet Grey, 128 GB)",8 GB RAM | 128 GB ROM | Expandable Upto 2 TB16.94 cm (6.67 inch) Full HD+ Display50MP + 2MP | 16MP Front Camera6000 mAh Battery6 Gen 4 Processor1 Year Manufacturer Warranty for Device and 6 Months Manufacturer Warranty for Inbox Accessories,"1,280 Ratings & 121 Reviews",4.4,17999.0,280.0,121.0,8.0,128.0,6.67,50.0,6000.0,1.0
"realme P3 5G (Comet Grey, 128 GB)",6 GB RAM | 128 GB ROM | Expandable Upto 2 TB16.94 cm (6.67 inch) Full HD+ Display50MP + 2MP | 16MP Front Camera6000 mAh Battery6 Gen 4 Processor1 Year Manufacturer Warranty for Device and 6 Months Manufacturer Warranty for Inbox Accessories,"2,250 Ratings & 231 Reviews",4.4,16999.0,250.0,231.0,6.0,128.0,6.67,50.0,6000.0,1.0
"realme P3 5G (Space Silver, 128 GB)",6 GB RAM | 128 GB ROM | Expandable Upto 2 TB16.94 cm (6.67 inch) Full HD+ Display50MP + 2MP | 16MP Front Camera6000 mAh Battery6 Gen 4 Processor1 Year Manufacturer Warranty for Device and 6 Months Manufacturer Warranty for Inbox Accessories,"2,250 Ratings & 231 Reviews",4.4,16999.0,250.0,231.0,6.0,128.0,6.67,50.0,6000.0,1.0
"realme 14 Pro 5G (Pearl White, 256 GB)",8 GB RAM | 256 GB ROM17.2 cm (6.77 inch) Full HD+ Display50MP + 2MP | 16MP Front Camera6000 mAh BatteryDimensity 7300 Energy Processor1 Year Manufacturer Warranty for Device and 6 Months Manufacturer Warranty for Inbox Accessories,"4,099 Ratings & 391 Reviews",4.4,26999.0,99.0,391.0,8.0,256.0,6.77,50.0,6000.0,1.0
"Tecno Spark Go 1 (Glittery White, 64 GB)",3 GB RAM | 64 GB ROM | Expandable Upto 1 TB16.94 cm (6.67 inch) Display13MP Rear Camera | 8MP Front Camera5000 mAh BatteryUnisoc T61 Processor1 Year Manufacturer Warranty for Phone,488 Ratings & 25 Reviews,4.3,6899.0,488.0,25.0,3.0,64.0,6.67,13.0,5000.0,1.0
"Apple iPhone 15 Plus (Green, 128 GB)","128 GB ROM17.02 cm (6.7 inch) Super Retina XDR Display48MP + 12MP | 12MP Front CameraA16 Bionic Chip, 6 Core Processor Processor1 year warranty for phone and 1 year warranty for in Box Accessories.","24,535 Ratings & 1,382 Reviews",4.6,74900.0,535.0,382.0,8.0,128.0,6.7,50.0,5000.0,1.0
"POCO X6 Pro 5G (Racing Grey, 512 GB)",12 GB RAM | 512 GB ROM16.94 cm (6.67 inch) Display64MP + 8MP + 2MP | 16MP Front Camera5000 mAh BatteryDimensity D8300 Ultra Processor1 Year Manufacturer Warranty for Phone and 6 Months Warranty for In the Box Accessories,"16,144 Ratings & 1,825 Reviews",4.3,28999.0,144.0,825.0,12.0,512.0,6.67,50.0,5000.0,1.0
"SAMSUNG Galaxy M35 5G (Thunder Grey, 128 GB)",8 GB RAM | 128 GB ROM16.76 cm (6.6 inch) Display50MP Rear Camera6000 mAh Battery1 YEAR,"1,064 Ratings & 84 Reviews",4.4,17497.0,64.0,84.0,8.0,128.0,6.6,50.0,6000.0,1.0
"SAMSUNG Galaxy M35 5G (DayBreak Blue, 128 GB)",8 GB RAM | 128 GB ROM16.76 cm (6.6 inch) Display50MP Rear Camera6000 mAh Battery1 YEAR,"1,064 Ratings & 84 Reviews",4.4,17160.0,64.0,84.0,8.0,128.0,6.6,50.0,6000.0,1.0
Nokia 105 Classic without Charger,32 MB RAM | 32 MB ROM4.5 cm (1.77 inch) Display0MP Front Camera800 mAh BatterySC6531E Processor1 Year Manufacturer Warranty for Device and 6 Months Manufacturer Warranty for Inbox Accessories Including Battery from the Date of Purchase,"3,775 Ratings & 165 Reviews",3.9,1249.0,775.0,165.0,8.0,128.0,1.77,50.0,800.0,1.0
"SAMSUNG Galaxy M35 5G (Moonlight Blue, 128 GB)",8 GB RAM | 128 GB ROM16.76 cm (6.6 inch) Display50MP Rear Camera6000 mAh Battery1 YEAR,"1,064 Ratings & 84 Reviews",4.4,17426.0,64.0,84.0,8.0,128.0,6.6,50.0,6000.0,1.0
"realme P3 5G (Space Silver, 256 GB)",8 GB RAM | 256 GB ROM | Expandable Upto 2 TB16.94 cm (6.67 inch) Full HD+ Display50MP + 2MP | 16MP Front Camera6000 mAh Battery6 Gen 4 Processor1 Year Manufacturer Warranty for Device and 6 Months Manufacturer Warranty for Inbox Accessories,"1,280 Ratings & 121 Reviews",4.4,19999.0,280.0,121.0,8.0,256.0,6.67,50.0,6000.0,1.0
"REDMI 13 5G (Black Diamond, 128 GB)",6 GB RAM | 128 GB ROM | Expandable Upto 1 TB17.25 cm (6.79 inch) Full HD+ Display108MP + 2MP | 13MP Front Camera5030 mAh Lithium Polymer Battery4 Gen 2 AE Processor1 Year Manufacturer Warranty for Phone and 6 Months Warranty for In the Box Accessories,"28,994 Ratings & 1,525 Reviews",4.3,12499.0,994.0,525.0,6.0,128.0,6.79,50.0,5030.0,1.0
"Google Pixel 9 (Obsidian, 256 GB)",12 GB RAM | 256 GB ROM16.0 cm (6.3 inch) Display50MP + 48MP | 10.5MP Front Camera4700 mAh BatteryGoogle Tensor G4 Processor1 Year Domestic Warranty,"2,506 Ratings & 260 Reviews",4.6,74999.0,506.0,260.0,12.0,256.0,6.3,50.0,4700.0,1.0
Kechaoda K112,"32 MB RAM | 64 MB ROM | Expandable Upto 32 GB6.1 cm (2.4 inch) QVGA Display0.3MP + 0MP | 0MP Front Camera3600 mAh BatteryMediaTek MT6261D
Number of cores: 1
GPU: - ProcessorThe Hotline Mobiles has 3 Months Manufacture’s Warranty & after Warranty period we would like to help our customers with the best possible service under low expenses","30,076 Ratings & 2,751 Reviews",4.0,1475.0,76.0,751.0,8.0,128.0,2.4,50.0,3600.0,1.0
"REDMI 13 5G (Orchid Pink, 128 GB)",6 GB RAM | 128 GB ROM17.25 cm (6.79 inch) Full HD+ Display108MP Rear Camera5030 mAh BatteryQualcomm SM4450 Snapdragon 4 Gen 2 AE (4 nm) Processor1 year manufacture warranty,"28,994 Ratings & 1,525 Reviews",4.3,12377.0,994.0,525.0,6.0,128.0,6.79,108.0,5030.0,1.0
"SAMSUNG A05 (Silver, 64 GB)",4 GB RAM | 64 GB ROM | Expandable Upto 1 TB17.12 cm (6.74 inch) HD+ Display50MP + 2MP | 8MP Front Camera5000 mAh BatteryHelio G85 Processor1 Year Manufacturer Warranty for Device and 6 Months Manufacturer Warranty for Inbox Accessories,680 Ratings & 26 Reviews,4.1,9999.0,680.0,26.0,4.0,64.0,6.74,50.0,5000.0,1.0
"Motorola Edge 50 Neo (PANTONE Poinciana, 256 GB)",8 GB RAM | 256 GB ROM16.26 cm (6.4 inch) Super HD Display50MP + 13MP + 10MP | 32MP Front Camera4310 mAh BatteryDimensity 7300 Processor1 Year Warranty on Handset and 6 Months Warranty on Accessories,"23,046 Ratings & 2,317 Reviews",4.4,20999.0,46.0,317.0,8.0,256.0,6.4,50.0,4310.0,1.0
"POCO F6 5G (Titanium, 512 GB)",12 GB RAM | 512 GB ROM16.94 cm (6.67 inch) Display50MP (OIS) + 8MP | 20MP Front Camera5000 mAh Battery8s Gen3 Processor1 Year Manufacturer Warranty for Phone and 6 Months Warranty for In the Box Accessories,"6,358 Ratings & 633 Reviews",4.3,26999.0,358.0,633.0,12.0,512.0,6.67,50.0,5000.0,1.0
"Apple 16e (White, 128 GB)","128 GB ROM15.49 cm (6.1 inch) Super Retina XDR Display48MP Rear Camera | 12MP Front CameraA18 Chip, 6 Core Processor1 year warranty for phone and 1 year warranty for in Box Accessories.",297 Ratings & 13 Reviews,4.6,59900.0,297.0,13.0,8.0,128.0,6.1,48.0,5000.0,1.0
"POCO F6 5G (Titanium, 256 GB)",8 GB RAM | 256 GB ROM16.94 cm (6.67 inch) Display50MP (OIS) + 8MP | 20MP Front Camera5000 mAh Battery8s Gen3 Processor1 Year Manufacturer Warranty for Phone and 6 Months Warranty for In the Box Accessories,"11,805 Ratings & 1,068 Reviews",4.3,22999.0,805.0,68.0,8.0,256.0,6.67,50.0,5000.0,1.0
"IQOO Z9x (Tornado Green, 128 GB)","4 GB RAM | 128 GB ROM17.07 cm (6.72 inch) Display50MP Rear Camera6000 mAh BatteryOcta core (2.2 GHz, Quad core, Cortex A78 + 1.8 GHz, Quad core, Cortex A55) Processor1 Year Manufacturer Warranty","1,778 Ratings & 90 Reviews",4.2,11418.0,778.0,90.0,4.0,128.0,6.72,50.0,6000.0,1.0
KARBONN Jumbo K9,Expandable Upto 8 GB6.1 cm (2.4 inch) FWVGA Display1.3MP + 0MP | 2MP Front Camera1800 mAh Li-Ion BatteryNA Processor12 month Handset and 6 Month Box Accessories,"15,794 Ratings & 1,460 Reviews",4.0,1235.0,794.0,460.0,8.0,128.0,2.4,50.0,1800.0,1.0
KARBONN K9,6.6 cm (2.6 inch) QVGA Display2MP Rear Camera1800 mAh Battery1 Year Manufacturer Warranty,"9,233 Ratings & 726 Reviews",4.1,1227.0,233.0,726.0,8.0,128.0,2.6,2.0,1800.0,1.0
"REDMI 13C 5G (Startrail Silver, 128 GB)",6 GB RAM | 128 GB ROM | Expandable Upto 1 TB17.12 cm (6.74 inch) HD+ Display50MP Rear Camera | 5MP Front Camera5000 mAh BatteryMediatek Dimensity 6100+ Processor1 Year Manufacturer Warranty for Phone and 6 Months Warranty for In the Box Accessories,"37,707 Ratings & 1,625 Reviews",4.3,11299.0,707.0,625.0,6.0,128.0,6.74,50.0,5000.0,1.0
"REDMI 13C 5G (Startrail Green, 128 GB)",6 GB RAM | 128 GB ROM | Expandable Upto 1 TB17.12 cm (6.74 inch) HD+ Display50MP Rear Camera | 5MP Front Camera5000 mAh BatteryMediatek Dimensity 6100+ Processor1 Year Manufacturer Warranty for Phone and 6 Months Warranty for In the Box Accessories,"37,707 Ratings & 1,625 Reviews",4.3,11299.0,707.0,625.0,6.0,128.0,6.74,50.0,5000.0,1.0
"Apple iPhone 15 Plus (Blue, 256 GB)","256 GB ROM17.02 cm (6.7 inch) Super Retina XDR Display48MP + 12MP | 12MP Front CameraA16 Bionic Chip, 6 Core Processor Processor1 year warranty for phone and 1 year warranty for in Box Accessories.","24,535 Ratings & 1,382 Reviews",4.6,84900.0,535.0,382.0,8.0,256.0,6.7,50.0,5000.0,1.0
"IQOO Z9X (Storm Grey, 128 GB)",8 GB RAM | 128 GB ROM17.07 cm (6.72 inch) Display50MP Rear Camera6000 mAh Battery1 Year Warranty on Handset and 6 Months Warranty on Inbox Accessories,"1,630 Ratings & 56 Reviews",4.3,17999.0,630.0,56.0,8.0,128.0,6.72,50.0,6000.0,1.0
"POCO M7 5G (Satin Black, 128 GB)",8 GB RAM | 128 GB ROM | Expandable Upto 1 TB17.48 cm (6.88 inch) HD+ Display50MP Rear Camera | 8MP Front Camera5160 mAh Battery4 Gen 2 5G Processor1 Year Manufacturer Warranty for Phone and 6 Months Warranty for In the Box Accessories,681 Ratings & 49 Reviews,4.2,10999.0,681.0,49.0,8.0,128.0,6.88,50.0,5160.0,1.0
"realme GT 6 (Green, 256 GB)",8 GB RAM | 256 GB ROM17.22 cm (6.78 inch) Full HD+ Display50MP + 8MP + 50MP | 32MP Front Camera5500 mAh Battery8s Gen 3 Mobile Platform Processor1 Year Manufacturer Warranty for Device and 6 Months Manufacturer Warranty for Inbox Accessories,"2,549 Ratings & 289 Reviews",4.5,34999.0,549.0,289.0,8.0,256.0,6.78,50.0,5500.0,1.0
"REDMI 13 5G (Orchid Pink, 128 GB)",8 GB RAM | 128 GB ROM | Expandable Upto 1 TB17.25 cm (6.79 inch) Full HD+ Display108MP + 2MP | 13MP Front Camera5030 mAh Lithium Polymer Battery4 Gen 2 AE Processor1 Year Manufacturer Warranty for Phone and 6 Months Warranty for In the Box Accessories,"6,710 Ratings & 383 Reviews",4.3,13999.0,710.0,383.0,8.0,128.0,6.79,50.0,5030.0,1.0
"SAMSUNG Galaxy A05 (Black, 64 GB)",4 GB RAM | 64 GB ROM | Expandable Upto 1 TB17.12 cm (6.74 inch) HD+ Display50MP + 2MP | 8MP Front Camera5000 mAh BatteryHelio G85 Processor1 Year Manufacturer Warranty for Device and 6 Months Manufacturer Warranty for Inbox Accessories,64 Ratings & 4 Reviews,4.3,8299.0,64.0,4.0,4.0,64.0,6.74,50.0,5000.0,1.0
"POCO X7 Pro 5G (Obsidian Black, 256 GB)",12 GB RAM | 256 GB ROM16.94 cm (6.67 inch) Display50MP + 8MP | 20MP Front Camera6550 mAh BatteryDimensity D8400 Ultra Processor1 Year Manufacturer Warranty for Phone and 6 Months Warranty for In the Box Accessories,"2,365 Ratings & 352 Reviews",4.4,27999.0,365.0,352.0,12.0,256.0,6.67,50.0,6550.0,1.0
"Apple iPhone 16 Pro (Black Titanium, 1 TB)","1 TB ROM16.0 cm (6.3 inch) Super Retina XDR Display48MP + 48MP + 12MP | 12MP Front CameraA18 Pro Chip, 6 Core Processor Processor1 year warranty for phone and 1 year warranty for in Box Accessories.","1,247 Ratings & 74 Reviews",4.7,162900.0,247.0,74.0,8.0,128.0,6.3,50.0,5000.0,1.0
"Apple iPhone 16 Pro (Black Titanium, 512 GB)","512 GB ROM16.0 cm (6.3 inch) Super Retina XDR Display48MP + 48MP + 12MP | 12MP Front CameraA18 Pro Chip, 6 Core Processor Processor1 year warranty for phone and 1 year warranty for in Box Accessories.","1,247 Ratings & 74 Reviews",4.7,142900.0,247.0,74.0,8.0,512.0,6.3,50.0,5000.0,1.0
"Nokia 130 Music Dual Sim, Music Player, Wireless FM Radio and Dedicated Buttons",4 MB RAM | 4 MB ROM6.1 cm (2.4 inch) Display0MP Front Camera1450 mAh Battery6261D Processor1YR BRAND WARRANTY ON HANDSET & 6 MONTHS WARRANTY ON ACCESSORIES,"8,374 Ratings & 412 Reviews",4.1,1771.0,374.0,412.0,8.0,128.0,2.4,50.0,1450.0,1.0
"REDMI 13C 5G (Starlight Black, 128 GB)",4 GB RAM | 128 GB ROM | Expandable Upto 1 TB17.12 cm (6.74 inch) HD+ Display50MP Rear Camera | 5MP Front Camera5000 mAh BatteryMediatek Dimensity 6100+ Processor1 Year Manufacturer Warranty for Phone and 6 Months Warranty for In the Box Accessories,"43,048 Ratings & 1,750 Reviews",4.3,9999.0,48.0,750.0,4.0,128.0,6.74,50.0,5000.0,1.0
"REDMI 13C 5G (Startrail Green, 128 GB)",4 GB RAM | 128 GB ROM | Expandable Upto 1 TB17.12 cm (6.74 inch) HD+ Display50MP Rear Camera | 5MP Front Camera5000 mAh BatteryMediatek Dimensity 6100+ Processor1 Year Manufacturer Warranty for Phone and 6 Months Warranty for In the Box Accessories,"43,048 Ratings & 1,750 Reviews",4.3,9999.0,48.0,750.0,4.0,128.0,6.74,50.0,5000.0,1.0
"IQOO z9x (Tornado Green, 128 GB)",6 GB RAM | 128 GB ROM | Expandable Upto 1 TB17.07 cm (6.72 inch) Full HD+ Display50MP + 2MP | 8MP Front Camera6000 mAh BatteryQualcomm SM6450 Snapdragon 6 Gen 1 Processor1 Year on Handset and 6 Months on Accessories,"6,155 Ratings & 302 Reviews",4.4,11990.0,155.0,302.0,6.0,128.0,6.72,50.0,6000.0,1.0
"REDMI 13 5G (Hawaiian Blue, 128 GB)",6 GB RAM | 128 GB ROM17.25 cm (6.79 inch) Full HD+ Display108MP Rear Camera5030 mAh BatteryQualcomm SM4450 Snapdragon 4 Gen 2 AE (4 nm) Processor1 year manufacture warranty,"28,994 Ratings & 1,525 Reviews",4.3,12415.0,994.0,525.0,6.0,128.0,6.79,108.0,5030.0,1.0
Kechaoda K115,32 MB RAM | 32 GB ROM | Expandable Upto 32 MB3.66 cm (1.44 inch) NA Display0.3MP + 0MP | 0MP Front Camera850 mAh BatteryNA Processor1 Year Manufacturer Warranty,"39,285 Ratings & 2,591 Reviews",4.1,998.0,285.0,591.0,8.0,32.0,1.44,50.0,850.0,1.0
"Apple iPhone 16 Pro (Black Titanium, 128 GB)","128 GB ROM16.0 cm (6.3 inch) Super Retina XDR Display48MP + 48MP + 12MP | 12MP Front CameraA18 Pro Chip, 6 Core Processor Processor1 year warranty for phone and 1 year warranty for in Box Accessories.","1,247 Ratings & 74 Reviews",4.7,112900.0,247.0,74.0,8.0,128.0,6.3,50.0,5000.0,1.0
"realme 70 TURBO 5G (Turbo Purple, 256 GB)",12 GB RAM | 256 GB ROM16.94 cm (6.67 inch) Full HD+ Display50MP Rear Camera5000 mAh BatterySegment's Fastest Dimensity 7300 Energy 5G Chipset Processor12 Months Brand warranty,352 Ratings & 13 Reviews,4.3,19995.0,352.0,13.0,12.0,256.0,6.67,50.0,5000.0,1.0
"SAMSUNG Galaxy M35 5G (DayBreak Blue, 256 GB)",8 GB RAM | 256 GB ROM16.76 cm (6.6 inch) Display50MP Rear Camera6000 mAh Battery1 YEAR,"1,064 Ratings & 84 Reviews",4.4,22495.0,64.0,84.0,8.0,256.0,6.6,50.0,6000.0,1.0
"realme P3 Ultra 5G (Neptune Blue, 256 GB)",8 GB RAM | 256 GB ROM17.35 cm (6.83 inch) Display50MP + 8MP | 16MP Front Camera6000 mAh BatteryDimensity 8350 Ultra Processor1 Year Manufacturer Warranty for Device and 6 Months Manufacturer Warranty for Inbox Accessories,853 Ratings & 141 Reviews,4.4,27999.0,853.0,141.0,8.0,256.0,6.83,50.0,6000.0,1.0
"realme P3 Ultra 5G (Glowing Lunar White, 256 GB)",8 GB RAM | 256 GB ROM17.35 cm (6.83 inch) Display50MP + 8MP | 16MP Front Camera6000 mAh BatteryDimensity 8350 Ultra Processor1 Year Manufacturer Warranty for Device and 6 Months Manufacturer Warranty for Inbox Accessories,853 Ratings & 141 Reviews,4.4,27999.0,853.0,141.0,8.0,256.0,6.83,50.0,6000.0,1.0
"IQOO Z9x (Storm Grey, 128 GB)","4 GB RAM | 128 GB ROM17.07 cm (6.72 inch) Display50MP Rear Camera6000 mAh BatteryOcta core (2.2 GHz, Quad core, Cortex A78 + 1.8 GHz, Quad core, Cortex A55) Processor1 Year Manufacturer Warranty","1,778 Ratings & 90 Reviews",4.2,11446.0,778.0,90.0,4.0,128.0,6.72,50.0,6000.0,1.0
"realme P3 Ultra 5G (Orion Red, 256 GB)",8 GB RAM | 256 GB ROM17.35 cm (6.83 inch) Display50MP + 8MP | 16MP Front Camera6000 mAh BatteryDimensity 8350 Ultra Processor1 Year Manufacturer Warranty for Device and 6 Months Manufacturer Warranty for Inbox Accessories,853 Ratings & 141 Reviews,4.4,27999.0,853.0,141.0,8.0,256.0,6.83,50.0,6000.0,1.0
"REDMI 13 5G (Black Diamond, 128 GB)",8 GB RAM | 128 GB ROM | Expandable Upto 1 TB17.25 cm (6.79 inch) Full HD+ Display108MP + 2MP | 13MP Front Camera5030 mAh Lithium Polymer Battery4 Gen 2 AE Processor1 Year Manufacturer Warranty for Phone and 6 Months Warranty for In the Box Accessories,"6,710 Ratings & 383 Reviews",4.3,13999.0,710.0,383.0,8.0,128.0,6.79,50.0,5030.0,1.0
"Apple iPhone 16 Pro Max (Black Titanium, 512 GB)","512 GB ROM17.53 cm (6.9 inch) Super Retina XDR Display48MP + 48MP + 12MP | 12MP Front CameraA18 Pro Chip, 6 Core Processor Processor1 year warranty for phone and 1 year warranty for in Box Accessories.",318 Ratings & 17 Reviews,4.6,155900.0,318.0,17.0,8.0,512.0,6.9,50.0,5000.0,1.0
Kechaoda K115,32 MB RAM | 32 GB ROM | Expandable Upto 32 MB3.66 cm (1.44 inch) NA Display0.3MP + 0MP | 0MP Front Camera850 mAh BatteryNA Processor1 Year Manufacturer Warranty,"39,285 Ratings & 2,591 Reviews",4.1,989.0,285.0,591.0,8.0,32.0,1.44,50.0,850.0,1.0
itel it2175 Pro | 2 inch Big Display | 1200 mAh Battery | Kingvoice,4 MB RAM | 4 MB ROM | Expandable Upto 32 GB5.08 cm (2 inch) QVGA Display0.8MP + 0MP1200 mAh BatterySC6531E Processor13 Months Manufacturer Warranty,"1,346 Ratings & 53 Reviews",4.0,939.0,346.0,53.0,8.0,128.0,6.68,50.0,1200.0,1.0
"POCO M7 5G (Mint Green, 128 GB)",8 GB RAM | 128 GB ROM | Expandable Upto 1 TB17.48 cm (6.88 inch) HD+ Display50MP Rear Camera | 8MP Front Camera5160 mAh Battery4 Gen 2 5G Processor1 Year Manufacturer Warranty for Phone and 6 Months Warranty for In the Box Accessories,681 Ratings & 49 Reviews,4.2,10999.0,681.0,49.0,8.0,128.0,6.88,50.0,5160.0,1.0
"realme P3 Ultra 5G (Neptune Blue, 128 GB)",8 GB RAM | 128 GB ROM17.35 cm (6.83 inch) Display50MP + 8MP | 16MP Front Camera6000 mAh BatteryDimensity 8350 Ultra Processor1 Year Manufacturer Warranty for Device and 6 Months Manufacturer Warranty for Inbox Accessories,853 Ratings & 141 Reviews,4.4,26999.0,853.0,141.0,8.0,128.0,6.83,50.0,6000.0,1.0
"SAMSUNG Galaxy A35 5G (Awesome Navy, 256 GB)",8 GB RAM | 256 GB ROM | Expandable Upto 1 TB16.76 cm (6.6 inch) Full HD+ Display50MP + 8MP + 5MP | 13MP Front Camera5000 mAh BatterySamsung Exynos 1380 Processor1 Year Manufacturer Warranty for Device and 6 Months for In-Box Accessories,"4,529 Ratings & 331 Reviews",4.3,28999.0,529.0,331.0,8.0,256.0,6.6,50.0,5000.0,1.0
"Apple 15 (Blue, 128 GB)","128 GB ROM15.49 cm (6.1 inch) Super Retina XDR Display48MP + 12MP | 12MP Front CameraA16 Bionic Chip, 6 Core Processor Processor1 year warranty for phone and 1 year warranty for in Box Accessories.","1,12,629 Ratings & 4,272 Reviews",4.6,64400.0,629.0,272.0,8.0,128.0,6.1,50.0,5000.0,1.0
"REDMI 13 5G (Black Diamond, 128 GB)",6 GB RAM | 128 GB ROM17.25 cm (6.79 inch) Full HD+ Display108MP Rear Camera5030 mAh BatteryQualcomm SM4450 Snapdragon 4 Gen 2 AE (4 nm) Processor1 year manufacture warranty,"28,994 Ratings & 1,525 Reviews",4.3,12748.0,994.0,525.0,6.0,128.0,6.79,108.0,5030.0,1.0
"Apple 15 Plus (Blue, 128 GB)","128 GB ROM17.02 cm (6.7 inch) Super Retina XDR Display48MP + 12MP | 12MP Front CameraA16 Bionic Chip, 6 Core Processor Processor1 year warranty for phone and 1 year warranty for in Box Accessories.","18,893 Ratings & 1,085 Reviews",4.6,74900.0,893.0,85.0,8.0,128.0,6.7,50.0,5000.0,1.0
"realme C63 5G Charger in the Box (Starry Gold, 128 GB)",6 GB RAM | 128 GB ROM | Expandable Upto 2 TB16.94 cm (6.67 inch) HD+ Display32MP Rear Camera | 8MP Front Camera5000 mAh BatteryDimensity 6300 Processor1 Year Manufacturer Warranty for Device and 6 Months Manufacturer Warranty for Inbox Accessories,"16,326 Ratings & 499 Reviews",4.5,10999.0,326.0,499.0,6.0,128.0,6.67,32.0,5000.0,1.0
"realme C63 5G Charger in the Box (Starry Gold, 128 GB)",8 GB RAM | 128 GB ROM | Expandable Upto 2 TB16.94 cm (6.67 inch) HD+ Display32MP Rear Camera | 8MP Front Camera5000 mAh BatteryDimensity 6300 Processor1 Year Manufacturer Warranty for Device and 6 Months Manufacturer Warranty for Inbox Accessories,"3,289 Ratings & 109 Reviews",4.5,12999.0,289.0,109.0,8.0,128.0,6.67,32.0,5000.0,1.0
"Apple iPhone 16 Pro Max (Black Titanium, 256 GB)","256 GB ROM17.53 cm (6.9 inch) Super Retina XDR Display48MP + 48MP + 12MP | 12MP Front CameraA18 Pro Chip, 6 Core Processor Processor1 year warranty for phone and 1 year warranty for in Box Accessories.",318 Ratings & 17 Reviews,4.6,137900.0,318.0,17.0,8.0,256.0,6.9,50.0,5000.0,1.0
"realme C63 (Leather Blue, 128 GB)",4 GB RAM | 128 GB ROM | Expandable Upto 2 TB17.13 cm (6.745 inch) HD+ Display50MP Rear Camera | 8MP Front Camera5000 mAh BatteryT612 Processor1 Year Manufacturer Warranty for Device and 6 Months Manufacturer Warranty for Inbox Accessories,"10,449 Ratings & 532 Reviews",4.3,8999.0,449.0,532.0,4.0,128.0,6.745,50.0,5000.0,1.0
MOTOROLA A10V DS Keypad Phone with Voice Feature|800 mAh Battery|Wireless FM Recording,4 MB RAM | 0.03 GB ROM | Expandable Upto 64 GB4.57 cm (1.8 inch) Display800 mAh Battery1 Year Handset Warranty and 6 Months Warranty on Accessories,"5,059 Ratings & 309 Reviews",4.2,1219.0,59.0,309.0,8.0,3.0,1.8,50.0,800.0,1.0
"Apple iPhone 16 Pro (Black Titanium, 256 GB)","256 GB ROM16.0 cm (6.3 inch) Super Retina XDR Display48MP + 48MP + 12MP | 12MP Front CameraA18 Pro Chip, 6 Core Processor Processor1 year warranty for phone and 1 year warranty for in Box Accessories.","1,247 Ratings & 74 Reviews",4.7,122900.0,247.0,74.0,8.0,256.0,6.3,50.0,5000.0,1.0
"POCO C61 (Diamond Dust Black, 64 GB)",4 GB RAM | 64 GB ROM | Expandable Upto 1 TB17.04 cm (6.71 inch) HD+ Display8MP Rear Camera | 5MP Front Camera5000 mAh BatteryHelio G36 Processor1 Year Manufacturer Warranty for Phone and 6 Months Warranty for In the Box Accessories,"93,814 Ratings & 3,984 Reviews",4.2,6999.0,814.0,984.0,4.0,64.0,6.71,8.0,5000.0,1.0
"Apple 16 Plus (Pink, 256 GB)","256 GB ROM17.02 cm (6.7 inch) Super Retina XDR Display48MP + 12MP | 12MP Front CameraA18 Chip, 6 Core Processor Processor1 year warranty for phone and 1 year warranty for in Box Accessories.",911 Ratings & 50 Reviews,4.6,94900.0,911.0,50.0,8.0,256.0,6.7,50.0,5000.0,1.0
"vivo Y58 5G (Sundarbans Green, 128 GB)",8 GB RAM | 128 GB ROM | Expandable Upto 1 TB17.07 cm (6.72 inch) Display50MP + 2MP | 8MP Front Camera6000 mAh Battery4 Gen 2 Processor1 Year Manufacturer Warranty for Device and 6 Months Manufacturer Warranty for Inbox Accessories,734 Ratings & 34 Reviews,4.4,15527.0,734.0,34.0,8.0,128.0,6.72,50.0,6000.0,1.0
Kechaoda A 27,32 MB RAM | 32 MB ROM1.68 cm (0.66 inch) Display800 mAh Battery1 Year Company Domestic Warranty by Company Authorized Service Center.,476 Ratings & 10 Reviews,3.9,889.0,476.0,10.0,8.0,128.0,0.66,50.0,800.0,1.0
"realme Narzo N61 (Vyage Blue, 64 GB)",4 GB RAM | 64 GB ROM17.12 cm (6.74 inch) Display32MP Rear Camera5000 mAh Battery1 Year,"4,008 Ratings & 199 Reviews",4.3,7818.0,8.0,199.0,4.0,64.0,6.74,32.0,5000.0,1.0
"realme 14 Pro 5G (Suede Grey, 256 GB)",8 GB RAM | 256 GB ROM17.2 cm (6.77 inch) Full HD+ Display50MP + 2MP | 16MP Front Camera6000 mAh BatteryDimensity 7300 Energy Processor1 Year Manufacturer Warranty for Device and 6 Months Manufacturer Warranty for Inbox Accessories,"4,099 Ratings & 391 Reviews",4.4,26999.0,99.0,391.0,8.0,256.0,6.77,50.0,6000.0,1.0
"IQOO z9x (Storm Grey, 128 GB)",6 GB RAM | 128 GB ROM | Expandable Upto 1 TB17.07 cm (6.72 inch) Full HD+ Display50MP + 2MP | 8MP Front Camera6000 mAh BatteryQualcomm SM6450 Snapdragon 6 Gen 1 Processor1 Year on Handset and 6 Months on Accessories,"6,155 Ratings & 302 Reviews",4.4,13074.0,155.0,302.0,6.0,128.0,6.72,50.0,6000.0,1.0
"Apple iPhone 16 Plus (White, 128 GB)","128 GB ROM17.02 cm (6.7 inch) Super Retina XDR Display48MP + 12MP | 12MP Front CameraA18 Chip, 6 Core Processor Processor1 year warranty for phone and 1 year warranty for in Box Accessories.",759 Ratings & 45 Reviews,4.6,84900.0,759.0,45.0,8.0,128.0,6.7,50.0,5000.0,1.0
"POCO C61 (Diamond Dust Black, 64 GB)",4 GB RAM | 64 GB ROM | Expandable Upto 1 TB17.04 cm (6.71 inch) HD+ Display8MP Rear Camera | 5MP Front Camera5000 mAh BatteryHelio G36 Processor1 Year Manufacturer Warranty for Phone and 6 Months Warranty for In the Box Accessories,"93,814 Ratings & 3,984 Reviews",4.2,7499.0,814.0,984.0,4.0,64.0,6.71,8.0,5000.0,1.0
"SAMSUNG Galaxy F15 5G (Ash Black, 128 GB)",6 GB RAM | 128 GB ROM | Expandable Upto 1 TB16.51 cm (6.5 inch) Full HD+ Display50MP + 5MP + 2MP | 13MP Front Camera6000 mAh Lithium ion BatteryMediaTek Dimensity 6100+ Processor1 Year Manufacturer Warranty for Device and 6 Months Manufacturer Warranty for In-Box Accessories,"19,377 Ratings & 1,436 Reviews",4.2,13499.0,377.0,436.0,6.0,128.0,6.5,50.0,6000.0,1.0
"Google Pixel 7a (Charcoal, 128 GB)",8 GB RAM | 128 GB ROM15.49 cm (6.1 inch) Full HD+ Display64MP (OIS) + 13MP | 13MP Front Camera4300 mAh BatteryTensor G2 Processor1 Year Domestic Warranty,"26,564 Ratings & 2,640 Reviews",4.1,27999.0,564.0,640.0,8.0,128.0,6.1,50.0,4300.0,1.0
"Apple iPhne 16 Plus (Pink, 128 GB)","128 GB ROM17.02 cm (6.7 inch) Super Retina XDR Display48MP + 12MP | 12MP Front CameraA18 Chip, 6 Core Processor Processor1 year warranty for phone and 1 year warranty for in Box Accessories.",72 Ratings & 4 Reviews,4.6,84900.0,72.0,4.0,8.0,128.0,6.7,50.0,5000.0,1.0
"Apple iPhe 16 Plus (Ultramarine, 512 GB)","512 GB ROM17.02 cm (6.7 inch) Super Retina XDR Display48MP + 12MP | 12MP Front CameraA18 Chip, 6 Core Processor Processor1 year warranty for phone and 1 year warranty for in Box Accessories.",4 Ratings & 1 Reviews,3.8,114900.0,4.0,1.0,8.0,512.0,6.7,50.0,5000.0,1.0
"POCO M7 Pro 5G (Lavender Frost, 256 GB)",8 GB RAM | 256 GB ROM16.94 cm (6.67 inch) Full HD+ Display50MP + 2MP | 20MP Front Camera5110 mAh BatteryDimensity 7025 Ultra Processor1 Year Manufacturer Warranty for Phone and 6 Months Warranty for In the Box Accessories,"3,008 Ratings & 409 Reviews",4.3,15499.0,8.0,409.0,8.0,256.0,6.67,50.0,5110.0,1.0
"REDMI A4 (Sparkle Purple, 128 GB)",4 GB RAM | 128 GB ROM17.48 cm (6.88 inch) Display50MP Rear Camera5160 mAh Battery1 Year,"3,736 Ratings & 205 Reviews",4.3,9695.0,736.0,205.0,4.0,128.0,6.88,50.0,5160.0,1.0
"Apple iPhone 16 Pro (White Titanium, 1 TB)","1 TB ROM16.0 cm (6.3 inch) Super Retina XDR Display48MP + 48MP + 12MP | 12MP Front CameraA18 Pro Chip, 6 Core Processor Processor1 year warranty for phone and 1 year warranty for in Box Accessories.","1,247 Ratings & 74 Reviews",4.7,162900.0,247.0,74.0,8.0,128.0,6.3,50.0,5000.0,1.0
"SAMSUNG Galaxy F16 5G (Bling Black, 128 GB)",8 GB RAM | 128 GB ROM16.91 cm (6.657 inch) Full HD+ Display50MP + 5MP + 2MP | 13MP Front Camera5000 mAh BatteryDimensity 6300 Processor1 Year Manufacturer Warranty for Device and 6 Months for In-Box Accessories,176 Ratings & 20 Reviews,4.2,14499.0,176.0,20.0,8.0,128.0,6.657,50.0,5000.0,1.0
"Apple Phone 15 (Blue, 512 GB)","512 GB ROM15.49 cm (6.1 inch) Super Retina XDR Display48MP + 12MP | 12MP Front CameraA16 Bionic Chip, 6 Core Processor Processor1 year warranty for phone and 1 year warranty for in Box Accessories.",85 Ratings & 10 Reviews,4.3,94400.0,85.0,10.0,8.0,512.0,6.1,50.0,5000.0,1.0
"realme C63 5G Charger in the Box (Forest Green, 128 GB)",8 GB RAM | 128 GB ROM | Expandable Upto 2 TB16.94 cm (6.67 inch) HD+ Display32MP Rear Camera | 8MP Front Camera5000 mAh BatteryDimensity 6300 Processor1 Year Manufacturer Warranty for Device and 6 Months Manufacturer Warranty for Inbox Accessories,"3,289 Ratings & 109 Reviews",4.5,12999.0,289.0,109.0,8.0,128.0,6.67,32.0,5000.0,1.0
"POCO X7 5G (Yellow, 256 GB)",8 GB RAM | 256 GB ROM16.94 cm (6.67 inch) Display50MP + 8MP + 2MP | 20MP Front Camera5500 mAh BatteryDimensity 7300 Ultra Processor1 Year Manufacturer Warranty for Phone and 6 Months Warranty for In the Box Accessories,"2,695 Ratings & 312 Reviews",4.3,20999.0,695.0,312.0,8.0,256.0,6.67,50.0,5500.0,1.0
"Google Pixel 9 (Wintergreen, 256 GB)",12 GB RAM | 256 GB ROM16.0 cm (6.3 inch) Display50MP + 48MP | 10.5MP Front Camera4700 mAh BatteryGoogle Tensor G4 Processor1 Year Domestic Warranty,"2,506 Ratings & 260 Reviews",4.6,74999.0,506.0,260.0,12.0,256.0,6.3,50.0,4700.0,1.0
"OPPO F29 5G (Solid Purple, 256 GB)",8 GB RAM | 256 GB ROM17.02 cm (6.7 inch) Full HD+ Display50MP + 2MP | 16MP Front Camera6500 mAh Battery6 Gen 1 Processor1 Year Warranty on Handset and 6 Months Warranty on Accessories,148 Ratings & 18 Reviews,4.2,25999.0,148.0,18.0,8.0,256.0,6.7,50.0,6500.0,1.0
KARBONN BHARAT K1 4G,20 MB RAM | 40 MB ROM | Expandable Upto 32 GB4.57 cm (1.8 inch) Display2MP Rear Camera1000 mAh Battery1 Year Warranty,"1,057 Ratings & 60 Reviews",3.7,849.0,57.0,60.0,8.0,128.0,1.8,2.0,1000.0,1.0
"SAMSUNG Galaxy A35 5G (Awesome Navy, 128 GB)",8 GB RAM | 128 GB ROM | Expandable Upto 1 TB16.76 cm (6.6 inch) Full HD+ Display50MP + 8MP + 5MP | 13MP Front Camera5000 mAh BatterySamsung Exynos 1380 Processor1 Year Manufacturer Warranty for Device and 6 Months for In-Box Accessories,"4,529 Ratings & 331 Reviews",4.3,25795.0,529.0,331.0,8.0,128.0,6.6,50.0,5000.0,1.0
"realme P3 Ultra 5G (Glowing Lunar White, 256 GB)",12 GB RAM | 256 GB ROM17.35 cm (6.83 inch) Display50MP + 8MP | 16MP Front Camera6000 mAh BatteryDimensity 8350 Ultra Processor1 Year Manufacturer Warranty for Device and 6 Months Manufacturer Warranty for Inbox Accessories,87 Ratings & 16 Reviews,4.6,29999.0,87.0,16.0,12.0,256.0,6.83,50.0,6000.0,1.0
"SAMSUNG Galaxy A23 5G (Silver, 128 GB)",6 GB RAM | 128 GB ROM | Expandable Upto 1 TB16.76 cm (6.6 inch) Full HD+ Display50MP + 5MP | 8MP Front Camera5000 mAh Lithium Ion BatteryQualcomm Snapdragon 695 (SM6375) Processor1 Year Manufacturer Warranty for Device and 6 Months Manufacturer Warranty for In-Box Accessories,"3,011 Ratings & 191 Reviews",4.1,21999.0,11.0,191.0,6.0,128.0,6.6,50.0,5000.0,1.0
"realme NARZO N65 5G (AMBER GOLD, 128 GB)",4 GB RAM | 128 GB ROM16.94 cm (6.67 inch) Display50MP Rear Camera5000 mAh Battery1 Year,960 Ratings & 50 Reviews,4.3,10099.0,960.0,50.0,4.0,128.0,6.67,50.0,5000.0,1.0
"IQOO Z9S 5G (Titanium Matte, 256 GB)",8 GB RAM | 256 GB ROM17.2 cm (6.77 inch) Full HD+ AMOLED Display50MP + 50MP | 2MP Dual Front Camera5500 mAh BatteryMediaTek Dimensity 7300 5G Processor12 Months Brand Warranty on Smartphone,"3,604 Ratings & 230 Reviews",4.4,21248.0,604.0,230.0,8.0,256.0,6.77,50.0,5500.0,1.0
"IQOO Z9S 5G (Onyx Green, 256 GB)",8 GB RAM | 256 GB ROM17.2 cm (6.77 inch) Full HD+ AMOLED Display50MP + 50MP | 2MP Dual Front Camera5500 mAh BatteryMediaTek Dimensity 7300 5G Processor12 Months Brand Warranty on Smartphone,"3,604 Ratings & 230 Reviews",4.4,21228.0,604.0,230.0,8.0,256.0,6.77,50.0,5500.0,1.0
"realme C63 5G Charger in the Box (Forest Green, 128 GB)",6 GB RAM | 128 GB ROM | Expandable Upto 2 TB16.94 cm (6.67 inch) HD+ Display32MP Rear Camera | 8MP Front Camera5000 mAh BatteryDimensity 6300 Processor1 Year Manufacturer Warranty for Device and 6 Months Manufacturer Warranty for Inbox Accessories,"16,326 Ratings & 499 Reviews",4.5,10999.0,326.0,499.0,6.0,128.0,6.67,32.0,5000.0,1.0
"realme C63 5G Charger in the Box (Forest Green, 128 GB)",4 GB RAM | 128 GB ROM | Expandable Upto 2 TB16.94 cm (6.67 inch) HD+ Display32MP Rear Camera | 8MP Front Camera5000 mAh BatteryDimensity 6300 Processor1 Year Manufacturer Warranty for Device and 6 Months Manufacturer Warranty for Inbox Accessories,"5,526 Ratings & 225 Reviews",4.4,10999.0,526.0,225.0,4.0,128.0,6.67,32.0,5000.0,1.0
"Apple iPhone 16 Pro Max (Natural Titanium, 256 GB)","256 GB ROM17.53 cm (6.9 inch) Super Retina XDR Display48MP + 48MP + 12MP | 12MP Front CameraA18 Pro Chip, 6 Core Processor Processor1 year warranty for phone and 1 year warranty for in Box Accessories.",318 Ratings & 17 Reviews,4.6,135900.0,318.0,17.0,8.0,256.0,6.9,50.0,5000.0,1.0
"Apple 16 Pro Max (Natural Titanium, 512 GB)","512 GB ROM17.53 cm (6.9 inch) Super Retina XDR Display48MP + 48MP + 12MP | 12MP Front CameraA18 Pro Chip, 6 Core Processor Processor1 year warranty for phone and 1 year warranty for in Box Accessories.",349 Ratings & 28 Reviews,4.6,155900.0,349.0,28.0,8.0,512.0,6.9,50.0,5000.0,1.0
"OPPO F29 5G (Glacier Blue, 128 GB)",8 GB RAM | 128 GB ROM17.02 cm (6.7 inch) Full HD+ Display50MP + 2MP | 16MP Front Camera6500 mAh Battery6 Gen 1 Processor1 Year Warranty on Handset and 6 Months Warranty on Accessories,148 Ratings & 18 Reviews,4.2,23999.0,148.0,18.0,8.0,128.0,6.7,50.0,6500.0,1.0
"POCO M7 Pro 5G (Olive Twilight, 256 GB)",8 GB RAM | 256 GB ROM16.94 cm (6.67 inch) Full HD+ Display50MP + 2MP | 20MP Front Camera5110 mAh BatteryDimensity 7025 Ultra Processor1 Year Manufacturer Warranty for Phone and 6 Months Warranty for In the Box Accessories,"3,008 Ratings & 409 Reviews",4.3,15499.0,8.0,409.0,8.0,256.0,6.67,50.0,5110.0,1.0
"Apple iPhone 16 Pro (Natural Titanium, 1 TB)","1 TB ROM16.0 cm (6.3 inch) Super Retina XDR Display48MP + 48MP + 12MP | 12MP Front CameraA18 Pro Chip, 6 Core Processor Processor1 year warranty for phone and 1 year warranty for in Box Accessories.","1,247 Ratings & 74 Reviews",4.7,162900.0,247.0,74.0,8.0,128.0,6.3,50.0,5000.0,1.0
"POCO F6 5G (Titanium, 256 GB)",12 GB RAM | 256 GB ROM16.94 cm (6.67 inch) Display50MP (OIS) + 8MP | 20MP Front Camera5000 mAh Battery8s Gen3 Processor1 Year Manufacturer Warranty for Phone and 6 Months Warranty for In the Box Accessories,"6,358 Ratings & 633 Reviews",4.3,24999.0,358.0,633.0,12.0,256.0,6.67,50.0,5000.0,1.0
"SAMSUNG Galaxy S23 Ultra 5G (Phantom Black, 256 GB)",12 GB RAM | 256 GB ROM17.27 cm (6.8 inch) Quad HD+ Display200MP + 10MP + 12MP + 10MP | 12MP Front Camera5000 mAh Lithium Ion BatteryQualcomm Snapdragon 8 Gen 2 Processor1 Year Manufacturer Warranty for Device and 6 Months Manufacturer Warranty for In-Box Accessories,"3,330 Ratings & 305 Reviews",4.6,84990.0,330.0,305.0,12.0,256.0,6.8,50.0,5000.0,1.0
"realme NARZO 70X 5G (Ice Blue, 128 GB)","8 GB RAM | 128 GB ROM17.07 cm (6.72 inch) Display50MP Rear Camera5000 mAh BatteryDimensity 6100 Plus, Octa Core Processor1 Year Domestic Warranty for Phone and 6 Months Warranty for In-Box Accessories","2,635 Ratings & 131 Reviews",4.3,14298.0,635.0,131.0,8.0,128.0,6.72,50.0,5000.0,1.0
"realme 14 Pro 5G (Suede Grey, 128 GB)",8 GB RAM | 128 GB ROM17.2 cm (6.77 inch) Full HD+ Display50MP + 2MP | 16MP Front Camera6000 mAh BatteryDimensity 7300 Energy Processor1 Year Manufacturer Warranty for Device and 6 Months Manufacturer Warranty for Inbox Accessories,"4,099 Ratings & 391 Reviews",4.4,24999.0,99.0,391.0,8.0,128.0,6.77,50.0,6000.0,1.0
"itel Aura 05i|Leather Finish|4000 Mah Battery|Type C Charging Support (Meadow Green, 32 GB)",2 GB RAM | 32 GB ROM | Expandable Upto 128 GB16.76 cm (6.6 inch) HD+ Display5MP + 0.3MP | 2MP Front Camera4000 mAh BatteryUnisoc SC9863A1 Processor1 Year Manufacturer Warranty for Device and 6 Months Manufacturer Warranty for Inbox Accessories,"1,450 Ratings & 45 Reviews",4.0,5530.0,450.0,45.0,2.0,32.0,6.6,50.0,4000.0,1.0
"OnePlus 4 5G (Obsidian Midnight, 256 GB)",8 GB RAM | 256 GB ROM17.12 cm (6.74 inch) Display50MP Rear Camera5500 mAh Battery1 Year,492 Ratings & 22 Reviews,4.4,27819.0,492.0,22.0,8.0,256.0,6.74,50.0,5500.0,1.0
"OnePlus Nord 4 5G (Mercurial Silver, 256 GB)",8 GB RAM | 256 GB ROM17.12 cm (6.74 inch) Display50MP Rear Camera5500 mAh Battery1 Year,"1,422 Ratings & 93 Reviews",4.5,27969.0,422.0,93.0,8.0,256.0,6.74,50.0,5500.0,1.0
"SAMSUNG Galaxy A16 5G (Light Green, 128 GB)",8 GB RAM | 128 GB ROM17.02 cm (6.7 inch) Full HD+ Display50MP + 5MP + 2MP | 13MP Front Camera5000 mAh BatteryDimensity 6300 Processor1 Year Manufacturer Warranty for Device and 6 Months for Inbox Accessories,"1,077 Ratings & 70 Reviews",4.2,16999.0,77.0,70.0,8.0,128.0,6.7,50.0,5000.0,1.0
"itel Aura 05i|Leather Finish|4000 Mah Battery|Type C Charging Support (Glorious Orange, 32 GB)",2 GB RAM | 32 GB ROM | Expandable Upto 128 GB16.76 cm (6.6 inch) HD Display5MP + 0.3MP4000 mAh BatteryUnisoc SC9863A1 Processor1 Year Manufacturer Warranty for Device and 6 Months Manufacturer Warranty for Inbox Accessories,"1,450 Ratings & 45 Reviews",4.0,5749.0,450.0,45.0,2.0,32.0,6.6,50.0,4000.0,1.0
"SAMSUNG M05 (Mint Green, 64 GB)",4 GB RAM | 64 GB ROM17.02 cm (6.7 inch) Display50MP Rear Camera5000 mAh Battery1 year manufacturer warranty for device and 6 months manufacturer warranty for in-box accessories including batteries from the date of purchase,"1,670 Ratings & 78 Reviews",4.3,7486.0,670.0,78.0,4.0,64.0,6.7,50.0,5000.0,1.0
LAVA Keypad Mobile|1000 mAh Battery|Expandable Storage 32GB,4 MB RAM | 4 MB ROM | Expandable Upto 32 GB4.5 cm (1.77 inch) Quarter QVGA Display1000 mAh Battery1 Year Manufacturer Replacement Guarantee for Phone and 6 months Replacement for Accessories in the Box,"3,637 Ratings & 177 Reviews",4.1,979.0,637.0,177.0,8.0,128.0,1.77,50.0,1000.0,1.0
"Apple iPhone 16 Pro (White Titanium, 128 GB)","128 GB ROM16.0 cm (6.3 inch) Super Retina XDR Display48MP + 48MP + 12MP | 12MP Front CameraA18 Pro Chip, 6 Core Processor Processor1 year warranty for phone and 1 year warranty for in Box Accessories.","1,247 Ratings & 74 Reviews",4.7,112900.0,247.0,74.0,8.0,128.0,6.3,50.0,5000.0,1.0
"SAMSUNG Galay A35 5G (Awesome Iceblue, 256 GB)",8 GB RAM | 256 GB ROM | Expandable Upto 1 TB16.76 cm (6.6 inch) Full HD+ Display50MP + 8MP + 5MP | 13MP Front Camera5000 mAh BatterySaung Exynos 1380 Processor1 Year Manufacturer Warranty for Device and 6 Months for In-Box Accessories,673 Ratings & 56 Reviews,4.3,28999.0,673.0,56.0,8.0,256.0,6.6,50.0,5000.0,1.0
"SAMSUNG Galaxy F16 5G (Bling Black, 128 GB)",6 GB RAM | 128 GB ROM16.91 cm (6.657 inch) Full HD+ Display50MP + 5MP + 2MP | 13MP Front Camera5000 mAh BatteryDimensity 6300 Processor1 Year Manufacturer Warranty for Device and 6 Months for In-Box Accessories,459 Ratings & 41 Reviews,4.2,12999.0,459.0,41.0,6.0,128.0,6.657,50.0,5000.0,1.0
"realme C63 (Jade Green, 64 GB)",4 GB RAM | 64 GB ROM | Expandable Upto 2 TB17.13 cm (6.745 inch) HD+ Display50MP Rear Camera | 8MP Front Camera5000 mAh BatteryT612 Processor1 Year Manufacturer Warranty for Device and 6 Months Manufacturer Warranty for Inbox Accessories,"10,449 Ratings & 532 Reviews",4.3,8499.0,449.0,532.0,4.0,64.0,6.745,50.0,5000.0,1.0
"OnePlus Nord 4 5G (Oasis Green, 256 GB)",8 GB RAM | 256 GB ROM17.12 cm (6.74 inch) Display50MP Rear Camera5500 mAh Battery1 Year,"1,422 Ratings & 93 Reviews",4.5,27895.0,422.0,93.0,8.0,256.0,6.74,50.0,5500.0,1.0
"OnePlus Nord 4 5G (Obsidian Midnight, 256 GB)",12 GB RAM | 256 GB ROM17.12 cm (6.74 inch) Display50MP Rear Camera5500 mAh Battery1 Year,424 Ratings & 19 Reviews,4.5,30989.0,424.0,19.0,12.0,256.0,6.74,50.0,5500.0,1.0
"POCO M6 5G - Locked with Airtel Prepaid (Galactic Black, 128 GB)",4 GB RAM | 128 GB ROM | Expandable Upto 1 TB17.12 cm (6.74 inch) HD+ Display50MP Rear Camera | 5MP Front Camera5000 mAh BatteryMediatek Dimensity 6100+ Processor1 Year Manufacturer Warranty for Phone and 6 Months Warranty for In the Box Accessories,"1,43,274 Ratings & 7,166 Reviews",4.2,8499.0,274.0,166.0,4.0,128.0,6.74,50.0,5000.0,1.0
"POCO M6 Plus 5G (Ice Silver, 128 GB)",6 GB RAM | 128 GB ROM | Expandable Upto 1 TB17.25 cm (6.79 inch) Full HD+ Display108MP + 2MP | 13MP Front Camera5030 mAh BatterySnapdragon 4 Gen2 AE Processor1 Year Manufacturer Warranty for Phone and 6 Months Warranty for In the Box Accessories,"33,372 Ratings & 2,060 Reviews",4.2,10499.0,372.0,60.0,6.0,128.0,6.79,50.0,5030.0,1.0
"POCO M6 Plus 5G (Ice Silver, 128 GB)",8 GB RAM | 128 GB ROM | Expandable Upto 1 TB17.25 cm (6.79 inch) Full HD+ Display108MP + 2MP | 13MP Front Camera5030 mAh BatterySnapdragon 4 Gen2 AE Processor1 Year Manufacturer Warranty for Phone and 6 Months Warranty for In the Box Accessories,"7,338 Ratings & 491 Reviews",4.2,11499.0,338.0,491.0,8.0,128.0,6.79,50.0,5030.0,1.0
"SAMSUNG Galaxy S25 5G (Silver Shadow, 512 GB)",12 GB RAM | 512 GB ROM15.75 cm (6.2 inch) Full HD+ Display50MP + 10MP + 12MP | 12MP Front Camera4000 mAh Battery8 Elite for Galaxy Processor1 Year Manufacturer Warranty for Device and 6 Months for In-Box Accessories,670 Ratings & 98 Reviews,4.6,92999.0,670.0,98.0,12.0,512.0,6.2,50.0,4000.0,1.0
"realme C63 5G Charger in the Box (Starry Gold, 128 GB)",4 GB RAM | 128 GB ROM | Expandable Upto 2 TB16.94 cm (6.67 inch) HD+ Display32MP Rear Camera | 8MP Front Camera5000 mAh BatteryDimensity 6300 Processor1 Year Manufacturer Warranty for Device and 6 Months Manufacturer Warranty for Inbox Accessories,"5,526 Ratings & 225 Reviews",4.4,10999.0,526.0,225.0,4.0,128.0,6.67,32.0,5000.0,1.0
"Apple Phone 16 Pro (Natural Titanium, 256 GB)","256 GB ROM16.0 cm (6.3 inch) Super Retina XDR Display48MP + 48MP + 12MP | 12MP Front CameraA18 Pro Chip, 6 Core Processor Processor1 year warranty for phone and 1 year warranty for in Box Accessories.",108 Ratings & 7 Reviews,4.8,122900.0,108.0,7.0,8.0,256.0,6.3,50.0,5000.0,1.0
"SAMSUNG Galaxy A14 5G (Black, 64 GB)",4 GB RAM | 64 GB ROM | Expandable Upto 1 TB16.76 cm (6.6 inch) Full HD+ Display50MP + 2MP + 2MP | 13MP Front Camera5000 mAh Lithium Ion BatteryExynos 1330 Processor1 Year Manufacturer Warranty for Device and 6 Months Manufacturer Warranty for In-Box Accessories,"43,537 Ratings & 2,039 Reviews",4.2,9999.0,537.0,39.0,4.0,64.0,6.6,50.0,5000.0,1.0
"OnePlus 13 (Midnight Ocean, 512 GB)","16 GB RAM | 512 GB ROM17.32 cm (6.82 inch) Quad HD+ Display50MP + 50MP + 50MP | 32MP Front Camera6000 mAh BatterySnapdragon® 8 Elite Processor1 Year Warranty
1 year manufacturer warranty for device and 1 year manufacturer warranty for in-box accessories including batteries from the date of purchase",51 Ratings & 6 Reviews,4.8,72999.0,51.0,6.0,16.0,512.0,6.82,50.0,6000.0,1.0
"SAMSUNG Galaxy F16 5G (Vibing Blue, 128 GB)",6 GB RAM | 128 GB ROM16.91 cm (6.657 inch) Full HD+ Display50MP + 5MP + 2MP | 13MP Front Camera5000 mAh BatteryDimensity 6300 Processor1 Year Manufacturer Warranty for Device and 6 Months for In-Box Accessories,459 Ratings & 41 Reviews,4.2,12999.0,459.0,41.0,6.0,128.0,6.657,50.0,5000.0,1.0
"POCO M7 Pro 5G (Lavender Frost, 128 GB)",6 GB RAM | 128 GB ROM16.94 cm (6.67 inch) Full HD+ Display50MP + 2MP | 20MP Front Camera5110 mAh BatteryDimensity 7025 Ultra Processor1 Year Manufacturer Warranty for Phone and 6 Months Warranty for In the Box Accessories,"6,528 Ratings & 700 Reviews",4.3,13499.0,528.0,700.0,6.0,128.0,6.67,50.0,5110.0,1.0
"realme Narzo N65 5G (Deep Green, 128 GB)",4 GB RAM | 128 GB ROM16.94 cm (6.67 inch) Display50MP Rear Camera5000 mAh Battery1 Year,960 Ratings & 50 Reviews,4.3,10099.0,960.0,50.0,4.0,128.0,6.67,50.0,5000.0,1.0
"vivo Y18t (Space Black, 128 GB)",4 GB RAM | 128 GB ROM | Expandable Upto 1 TB16.66 cm (6.56 inch) Display50MP + 0.08MP | 8MP Front Camera5000 mAh BatteryT612 Processor1 Year Manufacturer Warranty for Device and 6 Months for Inbox Accessories,217 Ratings & 6 Reviews,4.3,8729.0,217.0,6.0,4.0,128.0,6.56,50.0,5000.0,1.0
Jmax Ultra,32 MB RAM | 32 MB ROM4.57 cm (1.8 inch) Display1.3MP Rear Camera1150 mAh Battery1 Year Service Center Warranty,125 Ratings & 15 Reviews,3.9,699.0,125.0,15.0,8.0,128.0,1.8,3.0,1150.0,1.0
"Apple iPhone 14 (Blue, 256 GB)","256 GB ROM15.49 cm (6.1 inch) Super Retina XDR Display12MP + 12MP | 12MP Front CameraA15 Bionic Chip, 6 Core Processor Processor1 year warranty for phone and 1 year warranty for in Box Accessories.","2,54,421 Ratings & 9,875 Reviews",4.6,64999.0,421.0,875.0,8.0,256.0,6.1,50.0,5000.0,1.0
"realme 13 Pro 5G (Monet Purple, 256 GB)",8 GB RAM | 256 GB ROM17.02 cm (6.7 inch) Full HD+ Display50MP + 8MP + 2MP | 32MP Front Camera5200 mAh BatterySnapdragon 7s Gen2 Processor1 Year Manufacturer Warranty for Device and 6 Months Manufacturer Warranty for Inbox Accessories,"6,483 Ratings & 466 Reviews",4.4,23999.0,483.0,466.0,8.0,256.0,6.7,50.0,5200.0,1.0
"realme 12x 5G (Woodland Green, 128 GB)",8 GB RAM | 128 GB ROM | Expandable Upto 2 TB17.07 cm (6.72 inch) Full HD+ Display50MP + 2MP | 8MP Front Camera5000 mAh BatteryDimensity 6100+ Processor1 Year Manufacturer Warranty for Device and 6 Months Manufacturer Warranty for Inbox Accessories,"51,449 Ratings & 1,891 Reviews",4.4,13499.0,449.0,891.0,8.0,128.0,6.72,50.0,5000.0,1.0
"vivo Y18i (Gem Green, 64 GB)",4 GB RAM | 64 GB ROM | Expandable Upto 1 TB16.66 cm (6.56 Inch) Display13MP + 0.08MP | 5MP Front Camera5000 mAh BatteryUnisoc T612 Processor1 Year Manufacturer Warranty for Phone and 6 Months Warranty for In the Box Accessories,"2,305 Ratings & 66 Reviews",4.2,8499.0,305.0,66.0,4.0,64.0,6.56,50.0,5000.0,1.0
"OnePlus 13 (Black Eclipse, 256 GB)","12 GB RAM | 256 GB ROM17.32 cm (6.82 inch) Quad HD+ Display50MP + 50MP + 50MP | 32MP Front Camera6000 mAh BatterySnapdragon® 8 Elite Processor1 Year Warranty
1 year manufacturer warranty for device and 1 year manufacturer warranty for in-box accessories including batteries from the date of purchase",44 Ratings & 3 Reviews,4.6,67600.0,44.0,3.0,12.0,256.0,6.82,50.0,6000.0,1.0
"SAMSUNG Galaxy A35 5G (Awesome Lilac, 128 GB)",8 GB RAM | 128 GB ROM | Expandable Upto 1 TB16.76 cm (6.6 inch) Full HD+ Display50MP + 8MP + 5MP | 13MP Front Camera5000 mAh BatterySamsung Exynos 1380 Processor1 Year Manufacturer Warranty for Device and 6 Months for In-Box Accessories,"4,529 Ratings & 331 Reviews",4.3,25999.0,529.0,331.0,8.0,128.0,6.6,50.0,5000.0,1.0
"realme NARZO N65 5G (AMBER GOLD, 128 GB)",6 GB RAM | 128 GB ROM16.94 cm (6.67 inch) Display50MP Rear Camera5000 mAh Battery1 Year,"2,448 Ratings & 114 Reviews",4.3,11990.0,448.0,114.0,6.0,128.0,6.67,50.0,5000.0,1.0
"IQOO Z9S 5G (Onyx Green, 256 GB)",12 GB RAM | 256 GB ROM17.2 cm (6.77 inch) Full HD+ AMOLED Display50MP + 50MP | 2MP Dual Front Camera5500 mAh BatteryMediaTek Dimensity 7300 5G Processor12 Months Brand Warranty on Smartphone,232 Ratings & 11 Reviews,4.4,28000.0,232.0,11.0,12.0,256.0,6.77,50.0,5500.0,1.0
"realme 13 Pro 5G (Emerald Green, 128 GB)",8 GB RAM | 128 GB ROM17.02 cm (6.7 inch) Full HD+ Display50MP + 8MP + 2MP | 32MP Front Camera5200 mAh BatterySnapdragon 7s Gen2 Processor1 Year Manufacturer Warranty for Device and 6 Months Manufacturer Warranty for Inbox Accessories,"6,483 Ratings & 466 Reviews",4.4,21999.0,483.0,466.0,8.0,128.0,6.7,50.0,5200.0,1.0
"vivo V40e 5G (Royal Bronze, 128 GB)",8 GB RAM | 128 GB ROM17.2 cm (6.77 inch) Display50MP + 8MP | 50MP Front Camera5500 mAh BatteryDimensity 7300 Processor1 Year Warranty on Handset and 6 Months Warranty on Accessories,"7,190 Ratings & 516 Reviews",4.4,26999.0,190.0,516.0,8.0,128.0,6.77,50.0,5500.0,1.0
"vivo V40e 5G (Royal Bronze, 256 GB)",8 GB RAM | 256 GB ROM17.2 cm (6.77 inch) Display50MP + 8MP | 50MP Front Camera5500 mAh BatteryDimensity 7300 Processor1 Year Warranty on Handset and 6 Months Warranty on Accessories,"7,190 Ratings & 516 Reviews",4.4,28999.0,190.0,516.0,8.0,256.0,6.77,50.0,5500.0,1.0
"vivo V40e 5G (Mint Green, 256 GB)",8 GB RAM | 256 GB ROM17.2 cm (6.77 inch) Display50MP + 8MP | 50MP Front Camera5500 mAh BatteryDimensity 7300 Processor1 Year Warranty on Handset and 6 Months Warranty on Accessories,"7,190 Ratings & 516 Reviews",4.4,28999.0,190.0,516.0,8.0,256.0,6.77,50.0,5500.0,1.0
"Google Pixel 9 Pro (Hazel, 256 GB)",16 GB RAM | 256 GB ROM16.0 cm (6.3 inch) Display50MP + 48MP + 48MP | 42MP Front Camera4700 mAh BatteryG4 Tensor Chip Processor1 Year Domestic Warranty,341 Ratings & 51 Reviews,4.6,99999.0,341.0,51.0,16.0,256.0,6.3,50.0,4700.0,1.0
"Tecno Pova 6 Neo 5G (Aurora Cloud, 128 GB)",6 GB RAM | 128 GB ROM | Expandable Upto 1 TB16.94 cm (6.67 inch) Display108MP Rear Camera | 8MP Front Camera5000 mAh BatteryDimensity 6300 5G Processor1 Year Manufacturer Warranty for Phone,115 Ratings & 4 Reviews,4.2,11999.0,115.0,4.0,6.0,128.0,6.67,108.0,5000.0,1.0
"realme GT 6 (Fluid Silver, 256 GB)",8 GB RAM | 256 GB ROM17.22 cm (6.78 inch) Full HD+ Display50MP + 8MP + 50MP | 32MP Front Camera5500 mAh Battery8s Gen 3 Mobile Platform Processor1 Year Manufacturer Warranty for Device and 6 Months Manufacturer Warranty for Inbox Accessories,"2,549 Ratings & 289 Reviews",4.5,33999.0,549.0,289.0,8.0,256.0,6.78,50.0,5500.0,1.0
"IQOO Z9 Lite 5G (Mocha Brown, 128 GB)",6 GB RAM | 128 GB ROM16.66 cm (6.56 inch) Display50MP Rear Camera5000 mAh Battery1 YEAR,"3,815 Ratings & 149 Reviews",4.3,11099.0,815.0,149.0,6.0,128.0,6.56,50.0,5000.0,1.0
"SAMSUNG Galaxy A16 5G (Gold, 256 GB)",8 GB RAM | 256 GB ROM17.02 cm (6.7 inch) Full HD+ Display50MP + 5MP + 2MP | 13MP Front Camera5000 mAh BatteryDimensity 6300 Processor1 Year Manufacturer Warranty for Device and 6 Months for Inbox Accessories,"1,077 Ratings & 70 Reviews",4.2,19999.0,77.0,70.0,8.0,256.0,6.7,50.0,5000.0,1.0
"realme 14 Pro+ 5G (Bikaner Purple, 128 GB)",8 GB RAM | 128 GB ROM17.35 cm (6.83 inch) Display50MP + 50MP + 8MP | 32MP Front Camera6000 mAh Battery7s Gen 3 Mobile Platform Processor1 Year Manufacturer Warranty for Device and 6 Months Manufacturer Warranty for Inbox Accessories,"4,662 Ratings & 757 Reviews",4.4,29999.0,662.0,757.0,8.0,128.0,6.83,50.0,6000.0,1.0
"SAMSUNG Galaxy A16 5G (Blue Black, 256 GB)",8 GB RAM | 256 GB ROM17.02 cm (6.7 inch) Full HD+ Display50MP + 5MP + 2MP | 13MP Front Camera5000 mAh BatteryDimensity 6300 Processor1 Year Manufacturer Warranty for Device and 6 Months for Inbox Accessories,"1,077 Ratings & 70 Reviews",4.2,19999.0,77.0,70.0,8.0,256.0,6.7,50.0,5000.0,1.0
"realme 14 Pro+ 5G (Pearl White, 256 GB)",8 GB RAM | 256 GB ROM17.35 cm (6.83 inch) Display50MP + 50MP + 8MP | 32MP Front Camera6000 mAh Battery7s Gen 3 Mobile Platform Processor1 Year Manufacturer Warranty for Device and 6 Months Manufacturer Warranty for Inbox Accessories,"4,662 Ratings & 757 Reviews",4.4,31999.0,662.0,757.0,8.0,256.0,6.83,50.0,6000.0,1.0
"SAMSUNG Galay S25 Plus 5G (Silver Shadow, 256 GB)",12 GB RAM | 256 GB ROM17.02 cm (6.7 inch) Quad HD+ Display50MP + 10MP + 12MP | 12MP Front Camera4900 mAh Battery8 Elite for Galxy Processor1 Year Manufacturer Warranty for Device and 6 Months for In-Box Accessories,18 Ratings & 2 Reviews,4.8,99999.0,18.0,2.0,12.0,256.0,6.7,50.0,4900.0,1.0
LAVA Keypad Mobile|1.8 inch Big Display|Auto Call Recording|Wireless FM,32 GB ROM4.57 cm (1.8 inch) Display800 mAh BatteryBrand Warranty of 1 Year Available for Mobile and 6 Months for Battery and Accessories,569 Ratings & 30 Reviews,4.1,900.0,569.0,30.0,8.0,32.0,1.8,50.0,800.0,1.0
"Tecno Pova 6 Neo 5G (Midnight Shadow, 128 GB)",6 GB RAM | 128 GB ROM | Expandable Upto 1 TB16.94 cm (6.67 inch) Display108MP Rear Camera | 8MP Front Camera5000 mAh BatteryDimensity 6300 5G Processor1 Year Manufacturer Warranty for Phone,115 Ratings & 4 Reviews,4.2,11999.0,115.0,4.0,6.0,128.0,6.67,108.0,5000.0,1.0
Nokia 105,32 MB RAM | 32 MB ROM | Expandable Upto 32 MB4.5 cm (1.77 inch) Display0MP | 0MP Front Camera1000 mAh Battery1YR BRAND WARRANTY ON HANDSET & 6 MONTHS WARRANTY ON ACCESSORIES,"3,708 Ratings & 236 Reviews",3.4,1298.0,708.0,236.0,8.0,128.0,1.77,50.0,1000.0,1.0
"SAMSUNG Galaxy F55 5G (Apricot Crush, 256 GB)",8 GB RAM | 256 GB ROM | Expandable Upto 1 TB17.02 cm (6.7 inch) Full HD+ Display50MP + 8MP + 2MP | 50MP Front Camera5000 mAh Battery7 Gen 1 Processor1 Year Manufacturer Warranty for Device and 6 Months for In-Box Accessories,"1,632 Ratings & 127 Reviews",4.0,23999.0,632.0,127.0,8.0,256.0,6.7,50.0,5000.0,1.0
"Apple iPhone 16 Pro Max (White Titanium, 1 TB)","1 TB ROM17.53 cm (6.9 inch) Super Retina XDR Display48MP + 48MP + 12MP | 12MP Front CameraA18 Pro Chip, 6 Core Processor Processor1 year warranty for phone and 1 year warranty for in Box Accessories.",318 Ratings & 17 Reviews,4.6,175900.0,318.0,17.0,8.0,128.0,6.9,50.0,5000.0,1.0
"realme 14 Pro+ 5G (Pearl White, 256 GB)",12 GB RAM | 256 GB ROM17.35 cm (6.83 inch) Display50MP + 50MP + 8MP | 32MP Front Camera6000 mAh Battery7s Gen 3 Mobile Platform Processor1 Year Manufacturer Warranty for Device and 6 Months Manufacturer Warranty for Inbox Accessories,"3,026 Ratings & 428 Reviews",4.4,34999.0,26.0,428.0,12.0,256.0,6.83,50.0,6000.0,1.0
"realme 14 Pro+ 5G (Suede Grey, 256 GB)",8 GB RAM | 256 GB ROM17.35 cm (6.83 inch) Display50MP + 50MP + 8MP | 32MP Front Camera6000 mAh Battery7s Gen 3 Mobile Platform Processor1 Year Manufacturer Warranty for Device and 6 Months Manufacturer Warranty for Inbox Accessories,"4,662 Ratings & 757 Reviews",4.4,31999.0,662.0,757.0,8.0,256.0,6.83,50.0,6000.0,1.0
"Infinix GT 20 Pro (Mecha Orange, 256 GB)",12 GB RAM | 256 GB ROM17.22 cm (6.78 inch) Full HD+ Display108MP (OIS) + 2MP + 2MP | 32MP Front Camera5000 mAh BatteryDimensity 8200 Ultimate Processor1 Year Warranty,"7,895 Ratings & 547 Reviews",4.3,26999.0,895.0,547.0,12.0,256.0,6.78,50.0,5000.0,1.0
"realme 13 Pro+ 5G (Green, 512 GB)",12 GB RAM | 512 GB ROM17.02 cm (6.7 inch) Full HD+ Display50MP + 8MP + 50MP | 32MP Front Camera5200 mAh BatterySnapdragon 7s Gen2 Processor1 Year Manufacturer Warranty for Device and 6 Months Manufacturer Warranty for Inbox Accessories,"7,358 Ratings & 711 Reviews",4.4,28999.0,358.0,711.0,12.0,512.0,6.7,50.0,5200.0,1.0
"SAMSUNG F15 5G (Jazzy Green, 128 GB)",6 GB RAM | 128 GB ROM | Expandable Upto 1 TB16.51 cm (6.5 inch) Full HD+ Display50MP + 5MP + 2MP | 13MP Front Camera6000 mAh Lithium ion BatteryMediaTek Dimensity 6100+ Processor1 Year Manufacturer Warranty for Device and 6 Months Manufacturer Warranty for In-Box Accessories,"13,261 Ratings & 1,099 Reviews",4.2,13499.0,261.0,99.0,6.0,128.0,6.5,50.0,6000.0,1.0
"Motorola e13 (Aurora Green, 64 GB)",4 GB RAM | 64 GB ROM | Expandable Upto 1 TB16.51 cm (6.5 inch) HD+ Display13MP Rear Camera | 5MP Front Camera5000 mAh BatteryUnisoc T606 Processor1 Year on Handset and 6 Months on Accessories,"1,06,676 Ratings & 7,801 Reviews",4.1,6999.0,676.0,801.0,4.0,64.0,6.5,13.0,5000.0,1.0
"OnePlus Nord 4 5G (Mercurial Silver, 256 GB)",8 GB RAM | 256 GB ROM17.12 cm (6.74 inch) Display50MP Rear Camera5500 mAh Battery1 Year,"1,422 Ratings & 93 Reviews",4.5,27980.0,422.0,93.0,8.0,256.0,6.74,50.0,5500.0,1.0
LAVA A3 Vibe DS Keypad Mobile| 1750 mAh Battery|Expandable Storage 32GB,4 MB RAM | 32 MB ROM | Expandable Upto 32 GB4.5 cm (1.77 inch) Display0.3MP Rear Camera | 0.3MP Front Camera1750 mAh Battery1 year manufacturer Replacement for device and 6 months manufacturer warranty for in-box accessories including batteries from the date of purchase,"3,442 Ratings & 198 Reviews",4.1,1199.0,442.0,198.0,8.0,128.0,1.77,3.0,1750.0,1.0
"realme Narzo N65 5G (Gold, 128 GB)",4 GB RAM | 128 GB ROM16.94 cm (6.67 inch) Display50MP Rear Camera5000 mAh Battery1 Year,960 Ratings & 50 Reviews,4.3,10874.0,960.0,50.0,4.0,128.0,6.67,50.0,5000.0,1.0
LAVA A1 Josh BOL Keypad Mobile|1000 mAh Battery|Expandable Storage 32GB,4 MB RAM | 4 MB ROM | Expandable Upto 32 GB4.5 cm (1.77 inch) Quarter QVGA Display1000 mAh Battery1 Year Manufacturer Replacement Guarantee for Phone and 6 months Replacement for Accessories in the Box,"13,172 Ratings & 570 Reviews",4.0,980.0,172.0,570.0,8.0,128.0,1.77,50.0,1000.0,1.0
"OPPO A3x 5G (Starry Purple, 64 GB)",4 GB RAM | 64 GB ROM | Expandable Upto 2 TB16.94 cm (6.67 inch) HD+ Display8MP Rear Camera | 5MP Front Camera5100 mAh BatteryDimensity 6300 Processor1 Year Manufacturer Warranty for Device and 6 Months Manufacturer Warranty for Inbox Accessories,"2,150 Ratings & 93 Reviews",4.2,11499.0,150.0,93.0,4.0,64.0,6.67,8.0,5100.0,1.0
"Infinix Note 40 Pro 5G (Racing Grey, 256 GB)",8 GB RAM | 256 GB ROM17.22 cm (6.78 inch) Full HD+ Display108MP (OIS) + 2MP + 2MP | 32MP Front Camera5000 mAh BatteryMediatek Dimensity 7020 Processor1 Year Warranty on Handset and 6 Months Warranty on Inbox Accessories,"31,556 Ratings & 2,136 Reviews",4.2,18999.0,556.0,136.0,8.0,256.0,6.78,50.0,5000.0,1.0
"SAMSUNG Galaxy A16 5G (Gold, 128 GB)",8 GB RAM | 128 GB ROM17.02 cm (6.7 inch) Full HD+ Display50MP + 5MP + 2MP | 13MP Front Camera5000 mAh BatteryDimensity 6300 Processor1 Year Manufacturer Warranty for Device and 6 Months for Inbox Accessories,"1,077 Ratings & 70 Reviews",4.2,16999.0,77.0,70.0,8.0,128.0,6.7,50.0,5000.0,1.0
"vivo X200 Pro 5G (Cosmos Black, 512 GB)",16 GB RAM | 512 GB ROM17.22 cm (6.78 inch) Display50MP + 50MP + 200MP | 32MP Front Camera6000 mAh BatteryDimensity 9400 Processor1 Year Warranty on Handset and 6 Months Warranty on Accessories,682 Ratings & 174 Reviews,4.8,94999.0,682.0,174.0,16.0,512.0,6.78,50.0,6000.0,1.0
"realme 12x 5G (Woodland Green, 128 GB)",6 GB RAM | 128 GB ROM | Expandable Upto 2 TB17.07 cm (6.72 inch) Full HD+ Display50MP + 2MP | 8MP Front Camera5000 mAh BatteryDimensity 6100+ Processor1 Year Manufacturer Warranty for Device and 6 Months Manufacturer Warranty for Inbox Accessories,"1,04,042 Ratings & 4,905 Reviews",4.4,12499.0,42.0,905.0,6.0,128.0,6.72,50.0,5000.0,1.0
"realme 12x 5G (Twilight Purple, 128 GB)",6 GB RAM | 128 GB ROM | Expandable Upto 2 TB17.07 cm (6.72 inch) Full HD+ Display50MP + 2MP | 8MP Front Camera5000 mAh BatteryDimensity 6100+ Processor1 Year Manufacturer Warranty for Device and 6 Months Manufacturer Warranty for Inbox Accessories,"1,04,042 Ratings & 4,905 Reviews",4.4,12499.0,42.0,905.0,6.0,128.0,6.72,50.0,5000.0,1.0
"realme 12x 5G (Twilight Purple, 128 GB)",8 GB RAM | 128 GB ROM | Expandable Upto 2 TB17.07 cm (6.72 inch) Full HD+ Display50MP + 2MP | 8MP Front Camera5000 mAh BatteryDimensity 6100+ Processor1 Year Manufacturer Warranty for Device and 6 Months Manufacturer Warranty for Inbox Accessories,"51,449 Ratings & 1,891 Reviews",4.4,13499.0,449.0,891.0,8.0,128.0,6.72,50.0,5000.0,1.0
"Infinix GT 20 Pro (Mecha Blue, 256 GB)",8 GB RAM | 256 GB ROM17.22 cm (6.78 inch) Full HD+ Display108MP (OIS) + 2MP + 2MP | 32MP Front Camera5000 mAh BatteryDimensity 8200 Ultimate Processor1 Year Warranty,"14,069 Ratings & 1,091 Reviews",4.4,24999.0,69.0,91.0,8.0,256.0,6.78,50.0,5000.0,1.0
"Nokia 105 PSS, Keypad Mobile Phone with FM Radio, Memory Card Slot",4 MB RAM | 4 MB ROM4.5 cm (1.77 inch) Display0MP Front Camera1000 mAh Lithium Ion BatteryMTK6261D ProcessorNo Warranty on this Product,"9,188 Ratings & 578 Reviews",4.1,1699.0,188.0,578.0,8.0,128.0,1.77,50.0,1000.0,1.0
"IQOO Z9 LITE 5G (Mocha Brown, 128 GB)",4 GB RAM | 128 GB ROM16.66 cm (6.56 inch) Display50MP Rear Camera5000 mAh Battery1 YEAR,"2,277 Ratings & 118 Reviews",4.2,10789.0,277.0,118.0,4.0,128.0,6.56,50.0,5000.0,1.0
LAVA LF9000,20 MB RAM | 20 MB ROM7.11 cm (2.8 inch) Display1.3MP Rear Camera2575 mAh BatteryNo warranty,592 Ratings & 34 Reviews,4.1,1699.0,592.0,34.0,8.0,128.0,2.8,3.0,2575.0,1.0
Jmax DELUXE -9,32 MB RAM | 32 MB ROM4.57 cm (1.8 inch) Display0.3MP Rear Camera1000 mAh Battery1 Year Manufacturer warranty,124 Ratings & 13 Reviews,4.0,580.0,124.0,13.0,8.0,128.0,1.8,3.0,1000.0,1.0
"realme GT 6T 5G (Fluid Silver, 512 GB)",12 GB RAM | 512 GB ROM17.22 cm (6.78 inch) Display50MP Rear Camera5500 mAh Battery1 Year,946 Ratings & 89 Reviews,4.5,32990.0,946.0,89.0,12.0,512.0,6.78,50.0,5500.0,1.0
"SAMSUNG S24 5G (Onyx Black, 256 GB)",8 GB RAM | 256 GB ROM15.75 cm (6.2 inch) Full HD+ Display50MP + 10MP + 12MP | 12MP Front Camera4000 mAh BatteryExynos 2400 Processor1 Year Manufacturer Warranty for Device and 6 Months for In-Box Accessories,489 Ratings & 52 Reviews,4.5,70999.0,489.0,52.0,8.0,256.0,6.2,50.0,4000.0,1.0
"POCO C61  - Locked with Airtel Prepaid (Diamond Dust Black, 64 GB)",4 GB RAM | 64 GB ROM | Expandable Upto 1 TB17.04 cm (6.71 inch) HD+ Display8MP Rear Camera | 5MP Front Camera5000 mAh BatteryHelio G36 Processor1 Year Manufacturer Warranty for Phone and 6 Months Warranty for In the Box Accessories,"93,814 Ratings & 3,984 Reviews",4.2,5399.0,814.0,984.0,4.0,64.0,6.71,8.0,5000.0,1.0
"SAMSUNG Galaxy S25 Ultra 5G (Titanium Silverblue, 512 GB)",12 GB RAM | 512 GB ROM17.53 cm (6.9 inch) Quad HD+ Display200MP + 50MP + 50MP + 10MP | 12MP Front Camera5000 mAh Battery8 Elite for Galaxy Processor1 Year Manufacturer Warranty for Device and 6 Months for In-Box Accessories,"1,015 Ratings & 126 Reviews",4.7,125999.0,15.0,126.0,12.0,512.0,6.9,50.0,5000.0,1.0
"SAMSUNG A16 5G (Blue Black, 128 GB)",8 GB RAM | 128 GB ROM17.02 cm (6.7 inch) Full HD+ Display50MP + 5MP + 2MP | 13MP Front Camera5000 mAh BatteryDimensity 6300 Processor1 Year Manufacturer Warranty for Device and 6 Months for Inbox Accessories,474 Ratings & 33 Reviews,4.2,15808.0,474.0,33.0,8.0,128.0,6.7,50.0,5000.0,1.0
"realme P3 Ultra 5G (Glowing Lunar White, 128 GB)",8 GB RAM | 128 GB ROM17.35 cm (6.83 inch) Display50MP + 8MP | 16MP Front Camera6000 mAh BatteryDimensity 8350 Ultra Processor1 Year Manufacturer Warranty for Device and 6 Months Manufacturer Warranty for Inbox Accessories,853 Ratings & 141 Reviews,4.4,26999.0,853.0,141.0,8.0,128.0,6.83,50.0,6000.0,1.0
"realme GT 6T 5G (Razor Green, 256 GB)",12 GB RAM | 256 GB ROM17.22 cm (6.78 inch) Display50MP Rear Camera5500 mAh Battery1 Year,946 Ratings & 89 Reviews,4.5,29576.0,946.0,89.0,12.0,256.0,6.78,50.0,5500.0,1.0
"realme 70 TURBO 5G (Turbo Yellow, 256 GB)",12 GB RAM | 256 GB ROM16.94 cm (6.67 inch) Full HD+ Display50MP Rear Camera5000 mAh BatterySegment's Fastest Dimensity 7300 Energy 5G Chipset Processor12 Months Brand warranty,352 Ratings & 13 Reviews,4.3,19854.0,352.0,13.0,12.0,256.0,6.67,50.0,5000.0,1.0
"SAMSUNG Galaxy Z Fold5 (Icy Blue, 512 GB)",12 GB RAM | 512 GB ROM15.75 cm (6.2 inch) Display50MP + 12MP + 10MP4400 mAh BatterySnapdragon 8 Gen 2 Processor1 Year Manufacturer Warranty for Device and 6 Months Manufacturer Warranty for In-Box Accessories,421 Ratings & 24 Reviews,4.5,109990.0,421.0,24.0,12.0,512.0,6.2,50.0,4400.0,1.0
"Apple iPhone 16 Pro Max (White Titanium, 512 GB)","512 GB ROM17.53 cm (6.9 inch) Super Retina XDR Display48MP + 48MP + 12MP | 12MP Front CameraA18 Pro Chip, 6 Core Processor Processor1 year warranty for phone and 1 year warranty for in Box Accessories.",318 Ratings & 17 Reviews,4.6,155900.0,318.0,17.0,8.0,512.0,6.9,50.0,5000.0,1.0
Kechaoda K60,32 MB RAM | 32 MB ROM | Expandable Upto 16 GB6.1 cm (2.4 inch) QVGA Display0.3MP Rear Camera | 0.3MP Front Camera3600 mAh BatteryNO WARRANTY,"1,905 Ratings & 167 Reviews",4.0,1730.0,905.0,167.0,8.0,128.0,2.4,3.0,3600.0,1.0
"SAMSUNG Galaxy A16 5G (Light Green, 128 GB)",6 GB RAM | 128 GB ROM17.02 cm (6.7 inch) Full HD+ Display50MP + 5MP + 2MP | 13MP Front Camera5000 mAh BatteryDimensity 6300 Processor1 Year Manufacturer Warranty for Device and 6 Months for Inbox Accessories,830 Ratings & 47 Reviews,4.1,15499.0,830.0,47.0,6.0,128.0,6.7,50.0,5000.0,1.0
"Google Pixel 7 (Snow, 128 GB)",8 GB RAM | 128 GB ROM16.0 cm (6.3 inch) Full HD+ Display50MP + 12MP | 10.8MP Front Camera4270 mAh BatteryGoogle Tensor G2 ProcessorNA,"18,283 Ratings & 2,026 Reviews",4.3,33999.0,283.0,26.0,8.0,128.0,6.3,50.0,4270.0,1.0
Kechaoda K115,32 MB RAM | 32 MB ROM | Expandable Upto 32 GB3.66 cm (1.44 inch) QVGA Display0.3MP + 0MP | 0MP Front Camera850 mAh BatteryNA ProcessorNO WARRANTY,"39,285 Ratings & 2,591 Reviews",4.1,988.0,285.0,591.0,8.0,128.0,1.44,50.0,850.0,1.0
"POCO X7 Pro 5G (Yellow, 256 GB)",8 GB RAM | 256 GB ROM16.94 cm (6.67 inch) Display50MP + 8MP | 20MP Front Camera6550 mAh BatteryDimensity D8400 Ultra Processor1 Year Manufacturer Warranty for Phone and 6 Months Warranty for In the Box Accessories,"4,169 Ratings & 786 Reviews",4.3,25999.0,169.0,786.0,8.0,256.0,6.67,50.0,6550.0,1.0
"SAMSUNG Galaxy A14 5G (Dark Red, 64 GB)",4 GB RAM | 64 GB ROM | Expandable Upto 1 TB16.76 cm (6.6 inch) Full HD+ Display50MP + 2MP + 2MP | 13MP Front Camera5000 mAh Lithium Ion BatteryExynos 1330 Processor1 Year Manufacturer Warranty for Device and 6 Months Manufacturer Warranty for In-Box Accessories,"43,537 Ratings & 2,039 Reviews",4.2,9999.0,537.0,39.0,4.0,64.0,6.6,50.0,5000.0,1.0
"Infinix Note 40 Pro+ 5G (Obsidian Black, 256 GB)",12 GB RAM | 256 GB ROM17.22 cm (6.78 inch) Full HD+ Display108MP (OIS) + 2MP + 2MP | 32MP Front Camera4600 mAh BatteryMediatek Dimensity 7020 Processor1 Year Warranty on Handset and 6 Months Warranty on Inbox Accessories,"4,252 Ratings & 354 Reviews",4.2,21999.0,252.0,354.0,12.0,256.0,6.78,50.0,4600.0,1.0
"realme 13 Pro 5G (Monet Gold, 512 GB)",12 GB RAM | 512 GB ROM17.02 cm (6.7 inch) Full HD+ Display50MP + 8MP + 2MP | 32MP Front Camera5200 mAh BatterySnapdragon 7s Gen2 Processor1 Year Manufacturer Warranty for Device and 6 Months Manufacturer Warranty for Inbox Accessories,710 Ratings & 55 Reviews,4.3,26999.0,710.0,55.0,12.0,512.0,6.7,50.0,5200.0,1.0
"itel A50C (Dawn Blue, 32 GB)",2 GB RAM | 32 GB ROM16.94 cm (6.67 inch) Display8MP Rear Camera4000 mAh Battery1 year manufacturer warranty,215 Ratings & 5 Reviews,4.2,5647.0,215.0,5.0,2.0,32.0,6.67,8.0,4000.0,1.0
"LAVA Yuva Star (GLOSSY LAVENDER, 64 GB)",4 GB RAM | 64 GB ROM | Expandable Upto 1 TB17.14 cm (6.75 inch) HD+ Display13MP Rear Camera | 5MP Front Camera5000 mAh BatteryUnisoc SC9863A Processor1 Year Handset Warranty and 6 Months Warranty on Accessories,676 Ratings & 40 Reviews,4.1,6640.0,676.0,40.0,4.0,64.0,6.75,13.0,5000.0,1.0
"IQOO Z9 Lite 5G (Mocha Brown, 128 GB)",4 GB RAM | 128 GB ROM16.66 cm (6.56 inch) Display50MP Rear Camera5000 mAh Battery1 YEAR,"2,277 Ratings & 118 Reviews",4.2,10503.0,277.0,118.0,4.0,128.0,6.56,50.0,5000.0,1.0
"POCO C65 (Matte Black, 128 GB)",4 GB RAM | 128 GB ROM | Expandable Upto 1 TB17.12 cm (6.74 inch) HD+ Display50MP + AI Lens + 2MP | 8MP Front Camera5000 mAh BatteryHelio G85 Processor1 Year Manufacturer Warranty for Phone and 6 Months Warranty for in the Box Accessories,"99,832 Ratings & 4,992 Reviews",4.3,8499.0,832.0,992.0,4.0,128.0,6.74,50.0,5000.0,1.0
"POCO C65 (Matte Black, 128 GB)",6 GB RAM | 128 GB ROM | Expandable Upto 1 TB17.12 cm (6.74 inch) HD+ Display50MP + AI Lens + 2MP | 8MP Front Camera5000 mAh BatteryHelio G85 Processor1 Year Manufacturer Warranty for Phone and 6 Months Warranty for in the Box Accessories,"29,607 Ratings & 1,440 Reviews",4.3,9499.0,607.0,440.0,6.0,128.0,6.74,50.0,5000.0,1.0
"Apple iPhone 14 (Midnight, 256 GB)","256 GB ROM15.49 cm (6.1 inch) Super Retina XDR Display12MP + 12MP | 12MP Front CameraA15 Bionic Chip, 6 Core Processor Processor1 year warranty for phone and 1 year warranty for in Box Accessories.","2,54,421 Ratings & 9,875 Reviews",4.6,64999.0,421.0,875.0,8.0,256.0,6.1,50.0,5000.0,1.0
"vivo X200 5G (Cosmos Black, 256 GB)",12 GB RAM | 256 GB ROM16.94 cm (6.67 inch) Full HD+ Display50MP + 50MP + 50MP | 32MP Front Camera5800 mAh BatteryDimensity 9400 Processor1 Year Warranty on Handset and 6 Months Warranty on Accessories,671 Ratings & 144 Reviews,4.7,65999.0,671.0,144.0,12.0,256.0,6.67,50.0,5800.0,1.0
"LAVA Yuva Star (Glossy Black, 64 GB)",4 GB RAM | 64 GB ROM | Expandable Upto 1 TB17.14 cm (6.75 inch) HD+ Display13MP Rear Camera | 5MP Front Camera5000 mAh BatteryUnisoc SC9863A Processor1 Year Handset Warranty and 6 Months Warranty on Accessories,676 Ratings & 40 Reviews,4.1,6749.0,676.0,40.0,4.0,64.0,6.75,13.0,5000.0,1.0
"realme GT 6T 5G (Fluid Silver, 128 GB)",8 GB RAM | 128 GB ROM17.22 cm (6.78 inch) Display50MP Rear Camera5500 mAh Battery1 Year,"2,518 Ratings & 191 Reviews",4.5,25275.0,518.0,191.0,8.0,128.0,6.78,50.0,5500.0,1.0
"Apple iPhone 14 Plus (Midnight, 128 GB)","128 GB ROM17.02 cm (6.7 inch) Super Retina XDR Display12MP + 12MP | 12MP Front CameraA15 Bionic Chip, 6 Core Processor Processor1 year warranty for phone and 1 year warranty for in Box Accessories.","38,237 Ratings & 2,036 Reviews",4.6,69900.0,237.0,36.0,8.0,128.0,6.7,50.0,5000.0,1.0
"REDMI 13c 5G (Startrail Green, 128 GB)",6 GB RAM | 128 GB ROM17.12 cm (6.74 inch) Display50MP Rear Camera5000 mAh Battery1 Year,"37,707 Ratings & 1,625 Reviews",4.3,11179.0,707.0,625.0,6.0,128.0,6.74,50.0,5000.0,1.0
"vivo X200 5G (Cosmos Black, 512 GB)",16 GB RAM | 512 GB ROM16.94 cm (6.67 inch) Full HD+ Display50MP + 50MP + 50MP | 32MP Front Camera5800 mAh BatteryDimensity 9400 Processor1 Year Warranty on Handset and 6 Months Warranty on Accessories,149 Ratings & 20 Reviews,4.7,71999.0,149.0,20.0,16.0,512.0,6.67,50.0,5800.0,1.0
"IQOO Z9S PRO 5G (Luxe Marble, 256 GB)",12 GB RAM | 256 GB ROM17.2 cm (6.77 inch) Display50MP Rear Camera5500 mAh Battery1 YEAR,366 Ratings & 28 Reviews,4.5,32000.0,366.0,28.0,12.0,256.0,6.77,50.0,5500.0,1.0
"SAMSUNG Galaxy M15 5G (Blue Topaz, 128 GB)",6 GB RAM | 128 GB ROM16.51 cm (6.5 inch) Display50MP Rear Camera6000 mAh BatteryDomestic Warranty Of 1 Year For Handset And 6 Month For Accessories.,"3,259 Ratings & 150 Reviews",4.3,13499.0,259.0,150.0,6.0,128.0,6.5,50.0,6000.0,1.0
"OPPO A3 Pro 5G (Moonlight Purple, 128 GB)",8 GB RAM | 128 GB ROM | Expandable Upto 1 TB16.94 cm (6.67 inch) Display50MP + 2MP | 8MP Front Camera5100 mAh BatteryDimensity 6300 5G Mobile Platform Processor1 Year Manufacturer Warranty for Device and 6 Months Manufacturer Warranty for Inbox Accessories,"1,986 Ratings & 89 Reviews",4.3,16999.0,986.0,89.0,8.0,128.0,6.67,50.0,5100.0,1.0
"Google Pixel 9 Pro (Obsidian, 256 GB)",16 GB RAM | 256 GB ROM16.0 cm (6.3 inch) Display50MP + 48MP + 48MP | 42MP Front Camera4700 mAh BatteryG4 Tensor Chip Processor1 Year Domestic Warranty,341 Ratings & 51 Reviews,4.6,99999.0,341.0,51.0,16.0,256.0,6.3,50.0,4700.0,1.0
Kechaoda K9,32 MB RAM | 64 MB ROM | Expandable Upto 16 GB6.1 cm (2.4 inch) QVGA Display0.3MP Rear Camera1700 mAh Battery1 Year Company Domestic Warranty by Company Authorized Service Center.,"3,474 Ratings & 288 Reviews",4.1,1167.0,474.0,288.0,8.0,128.0,2.4,3.0,1700.0,1.0
"IQOO Z9s Pro 5G (Luxe Marble, 128 GB)",8 GB RAM | 128 GB ROM17.2 cm (6.77 inch) Display50MP Rear Camera5500 mAh Battery1 Year on Handset and 6 Months on Accessories,"2,079 Ratings & 139 Reviews",4.5,23679.0,79.0,139.0,8.0,128.0,6.77,50.0,5500.0,1.0
"REDMI 14C 5G (Stardust Purple, 64 GB)",4 GB RAM | 64 GB ROM | Expandable Upto 1 TB17.48 cm (6.88 inch) HD+ Display50MP Rear Camera | 8MP Front Camera5160 mAh Battery4 Gen 2 5G Processor1 Year Manufacturer Warranty for Phone and 6 Months Warranty for In the Box Accessories,740 Ratings & 52 Reviews,4.2,9985.0,740.0,52.0,4.0,64.0,6.88,50.0,5160.0,1.0
"REDMI 14C 5G (Starlight Blue, 64 GB)",4 GB RAM | 64 GB ROM | Expandable Upto 1 TB17.48 cm (6.88 inch) HD+ Display50MP Rear Camera | 8MP Front Camera5160 mAh Battery4 Gen 2 5G Processor1 Year Manufacturer Warranty for Phone and 6 Months Warranty for In the Box Accessories,740 Ratings & 52 Reviews,4.2,9990.0,740.0,52.0,4.0,64.0,6.88,50.0,5160.0,1.0
"SAMSUNG Galaxy S23 Ultra 5G (Green, 256 GB)",12 GB RAM | 256 GB ROM17.27 cm (6.8 inch) Quad HD+ Display200MP + 10MP + 12MP + 10MP | 12MP Front Camera5000 mAh Lithium Ion BatteryQualcomm Snapdragon 8 Gen 2 Processor1 Year Manufacturer Warranty for Device and 6 Months Manufacturer Warranty for In-Box Accessories,"3,330 Ratings & 305 Reviews",4.6,149999.0,330.0,305.0,12.0,256.0,6.8,50.0,5000.0,1.0
"realme Narzo N65 5G (Deep Green, 128 GB)",8 GB RAM | 128 GB ROM16.94 cm (6.67 inch) Display50MP Rear Camera5000 mAh Battery1 Year,153 Ratings & 8 Reviews,4.1,12899.0,153.0,8.0,8.0,128.0,6.67,50.0,5000.0,1.0
"Tecno Spark 30C 5G (Azure Sky, 64 GB)",4 GB RAM | 64 GB ROM | Expandable Upto 1 TB16.94 cm (6.67 inch) Display48MP Rear Camera | 8MP Front Camera5000 mAh BatteryDimensity 6300 5G Processor1 Year Manufacturer Warranty for Phone,327 Ratings & 16 Reviews,4.3,9999.0,327.0,16.0,4.0,64.0,6.67,48.0,5000.0,1.0
itel Ace 3 Shine,4 MB RAM | 4 MB ROM4.57 cm (1.8 inch) Display1000 mAh Battery1 year manufacturer Warranty,709 Ratings & 22 Reviews,4.0,899.0,709.0,22.0,8.0,128.0,1.8,50.0,1000.0,1.0
"vivo X200 Pro 5G (Titanium Grey, 512 GB)",16 GB RAM | 512 GB ROM17.22 cm (6.78 inch) Display50MP + 50MP + 200MP | 32MP Front Camera6000 mAh BatteryDimensity 9400 Processor1 Year Warranty on Handset and 6 Months Warranty on Accessories,682 Ratings & 174 Reviews,4.8,94999.0,682.0,174.0,16.0,512.0,6.78,50.0,6000.0,1.0
ringme R1 CIRCLE,32 MB RAM | 32 MB ROM3.56 cm (1.4 inch) Display0.3MP Rear Camera1000 mAh Battery3 Months Manufacturer Defect Warranty,27 Ratings & 2 Reviews,4.2,999.0,27.0,2.0,8.0,128.0,1.4,3.0,1000.0,1.0
"Google Pixel 9 Pro (Porcelain, 256 GB)",16 GB RAM | 256 GB ROM16.0 cm (6.3 inch) Display50MP + 48MP + 48MP | 42MP Front Camera4700 mAh BatteryG4 Tensor Chip Processor1 Year Domestic Warranty,341 Ratings & 51 Reviews,4.6,99999.0,341.0,51.0,16.0,256.0,6.3,50.0,4700.0,1.0
"REDMI 13c 5G (Startrail Silver, 128 GB)",6 GB RAM | 128 GB ROM17.12 cm (6.74 inch) Display50MP Rear Camera5000 mAh Battery1 Year,"37,707 Ratings & 1,625 Reviews",4.3,12989.0,707.0,625.0,6.0,128.0,6.74,50.0,5000.0,1.0
"SAMSUNG Galaxy Z Fold5 (Icy Blue, 256 GB)",12 GB RAM | 256 GB ROM15.75 cm (6.2 inch) Display50MP + 12MP + 10MP4400 mAh BatterySnapdragon 8 Gen 2 Processor1 Year Manufacturer Warranty for Device and 6 Months Manufacturer Warranty for In-Box Accessories,421 Ratings & 24 Reviews,4.5,104999.0,421.0,24.0,12.0,256.0,6.2,50.0,4400.0,1.0
"POCO F6 5G (Black, 256 GB)",12 GB RAM | 256 GB ROM16.94 cm (6.67 inch) Display50MP (OIS) + 8MP | 20MP Front Camera5000 mAh Battery8s Gen3 Processor1 Year Manufacturer Warranty for Phone and 6 Months Warranty for In the Box Accessories,"6,358 Ratings & 633 Reviews",4.3,24999.0,358.0,633.0,12.0,256.0,6.67,50.0,5000.0,1.0
"REDMI Note 13 Pro+ 5G (Fusion White, 256 GB)",8 GB RAM | 256 GB ROM16.94 cm (6.67 inch) Display200MP (OIS) + 8MP + 2MP | 16MP Front Camera5000 mAh BatteryDimensity 7200 Ultra 5G Processor1 Year Manufacturer Warranty for Phone and 6 Months Warranty for In the Box Accessories,"18,077 Ratings & 1,613 Reviews",4.3,22499.0,77.0,613.0,8.0,256.0,6.67,50.0,5000.0,1.0
"Google Pixel 9 Pro XL (Obsidian, 256 GB)",16 GB RAM | 256 GB ROM17.27 cm (6.8 inch) Display50MP + 48MP + 48MP | 42MP Front Camera5060 mAh BatteryGoogle Tensor G4 Processor1 Year Domestic Warranty,640 Ratings & 58 Reviews,4.6,114999.0,640.0,58.0,16.0,256.0,6.8,50.0,5060.0,1.0
itel Power 120 | 2 inch Big Display | 2500 mAh Battery | Kingvoice,4 MB RAM | 4 MB ROM | Expandable Upto 32 GB5.08 cm (2 inch) Quarter QVGA Display0.3MP + 0MP2500 mAh BatteryUnisco Processor1 year manufacturer Warranty,566 Ratings & 40 Reviews,4.2,1269.0,566.0,40.0,8.0,128.0,6.68,50.0,2500.0,1.0
"Nokia 150 Dual Sim Keypad Phone, Rear Camera, Long Lasting Battery Life and FM Radio",4 MB RAM | 4 MB ROM6.1 cm (2.4 inch) Display0.3MP Rear Camera | 0MP Front Camera1450 mAh Battery6261D Processor1YR BRAND WARRANTY ON HANDSET & 6 MONTHS WARRANTY ON ACCESSORIES,"2,679 Ratings & 199 Reviews",3.5,2609.0,679.0,199.0,8.0,128.0,2.4,3.0,1450.0,1.0
"Apple iPhone 16 Pro Max (Black Titanium, 1 TB)","1 TB ROM17.53 cm (6.9 inch) Super Retina XDR Display48MP + 48MP + 12MP | 12MP Front CameraA18 Pro Chip, 6 Core Processor Processor1 year warranty for phone and 1 year warranty for in Box Accessories.",318 Ratings & 17 Reviews,4.6,175900.0,318.0,17.0,8.0,128.0,6.9,50.0,5000.0,1.0
"SAMSUNG galaxy M15 5G (Blue Topaz, 128 GB)",8 GB RAM | 128 GB ROM16.51 cm (6.5 inch) Display50MP Rear Camera6000 mAh BatteryMediaTek ProcessorDomestic Warranty Of 1 Year For Handset And 6 Month For Accessories.,138 Ratings & 9 Reviews,4.2,13947.0,138.0,9.0,8.0,128.0,6.5,50.0,6000.0,1.0
"REDMI Note 14 5G (Mystique White, 128 GB)",6 GB RAM | 128 GB ROM16.94 cm (6.67 inch) Display50MP Rear Camera5110 mAh Battery1 Year,"1,014 Ratings & 54 Reviews",4.4,17199.0,14.0,54.0,6.0,128.0,6.67,50.0,5110.0,1.0
"OnePlus 12 (Flowy Emerald, 256 GB)",12 GB RAM | 256 GB ROM17.32 cm (6.82 inch) Display64MP Rear Camera5400 mAh Battery1 Year Brand Warranty,"1,269 Ratings & 100 Reviews",4.6,55900.0,269.0,100.0,12.0,256.0,6.82,64.0,5400.0,1.0
"Tecno Spark 30C 5G (Aurora Cloud, 64 GB)",4 GB RAM | 64 GB ROM | Expandable Upto 1 TB16.94 cm (6.67 inch) Display48MP Rear Camera | 8MP Front Camera5000 mAh BatteryDimensity 6300 5G Processor1 Year Manufacturer Warranty for Phone,327 Ratings & 16 Reviews,4.3,9999.0,327.0,16.0,4.0,64.0,6.67,48.0,5000.0,1.0
"LAVA Yuva 5G (Mystic Green, 64 GB)",4 GB RAM | 64 GB ROM | Expandable Upto 512 GB16.59 cm (6.53 inch) HD+ Display50MP Rear Camera5000 mAh BatteryUnisoc T750 Processor1 year manufacturer Warranty,155 Ratings & 11 Reviews,4.2,8612.0,155.0,11.0,4.0,64.0,6.53,50.0,5000.0,1.0
"realme GT 6T 5G (Miracle Purple, 256 GB)",8 GB RAM | 256 GB ROM17.22 cm (6.78 inch) Display50MP Rear Camera5500 mAh Battery1 Year,"2,518 Ratings & 191 Reviews",4.5,27209.0,518.0,191.0,8.0,256.0,6.78,50.0,5500.0,1.0
Nokia 3210 4G,64 MB RAM | 128 MB ROM6.1 cm (2.4 inch) Display2MP Rear Camera1450 mAh Battery1YR BRAND WARRANTY ON HANDSET & 6 MONTHS WARRANTY ON ACCESSORIES,777 Ratings & 76 Reviews,4.1,3693.0,777.0,76.0,8.0,128.0,2.4,2.0,1450.0,1.0
"Google Pixel 7a (Sea, 128 GB)",8 GB RAM | 128 GB ROM15.49 cm (6.1 inch) Full HD+ Display64MP (OIS) + 13MP | 13MP Front Camera4300 mAh BatteryTensor G2 Processor1 Year Handset and 6 Months Accessories,"26,564 Ratings & 2,640 Reviews",4.1,27999.0,564.0,640.0,8.0,128.0,6.1,50.0,4300.0,1.0
"POCO X7 Pro 5G (Nebula Green, 256 GB)",8 GB RAM | 256 GB ROM16.94 cm (6.67 inch) Display50MP + 8MP | 20MP Front Camera6550 mAh BatteryDimensity D8400 Ultra Processor1 Year Manufacturer Warranty for Phone and 6 Months Warranty for In the Box Accessories,"4,169 Ratings & 786 Reviews",4.3,25999.0,169.0,786.0,8.0,256.0,6.67,50.0,6550.0,1.0
"SAMSUNG Galaxy A06 (Black, 64 GB)",4 GB RAM | 64 GB ROM | Expandable Upto 1 TB17.02 cm (6.7 inch) HD+ Display50MP + 2MP | 8MP Front Camera5000 mAh BatteryMediatek Helio G85 Processor1 Year Manufacturer Warranty for Device and 6 Months for In-Box Accessories,40 Ratings & 7 Reviews,4.3,9999.0,40.0,7.0,4.0,64.0,6.7,50.0,5000.0,1.0
"itel A50 (Lime Green, 64 GB)",4 GB RAM | 64 GB ROM | Expandable Upto 512 GB16.94 cm (6.67 inch) HD Display8MP Rear Camera | 5MP Front Camera5000 mAh BatteryUnisoc T603 Processor1 Year manufacturer,242 Ratings & 16 Reviews,4.2,6107.0,242.0,16.0,4.0,64.0,6.67,8.0,5000.0,1.0
"Nokia 106-SS-1578,32 MB,1000 mAh Battery.",32 MB RAM | 32 MB ROM17.02 cm (6.7 inch) Display1000 mAh BatterySC6531E Processor1YR BRAND WARRANTY ON HANDSET & 6 MONTHS WARRANTY ON ACCESSORIES,"1,267 Ratings & 66 Reviews",4.0,1478.0,267.0,66.0,8.0,128.0,6.7,50.0,1000.0,1.0
"Infinix Note 40 5G (Ttan Gold, 256 GB)",8 GB RAM | 256 GB ROM17.22 cm (6.78 inch) Full HD+ Display108MP + 2MP + 2MP | 32MP Front Camera5000 mAh BatteryDimensity 7020 Processor1 Year on Handset,"9,889 Ratings & 987 Reviews",4.2,15999.0,889.0,987.0,8.0,256.0,6.78,50.0,5000.0,1.0
"SAMSUNG galaxy M15 5G (Stone Grey, 128 GB)",8 GB RAM | 128 GB ROM16.51 cm (6.5 inch) Display50MP Rear Camera6000 mAh BatteryMediaTek ProcessorDomestic Warranty Of 1 Year For Handset And 6 Month For Accessories.,138 Ratings & 9 Reviews,4.2,16890.0,138.0,9.0,8.0,128.0,6.5,50.0,6000.0,1.0
"vivo V30 5G (Classic Black, 256 GB)",8 GB RAM | 256 GB ROM17.22 cm (6.78 inch) Full HD+ Display50MP + 50MP | 50MP Front Camera5000 mAh Battery7 Gen 3 Processor1 Year Manufacturer Warranty for Device and 6 Months Manufacturer Warranty for Inbox Accessories,"7,827 Ratings & 701 Reviews",4.5,31990.0,827.0,701.0,8.0,256.0,6.78,50.0,5000.0,1.0
"realme GT 6T 5G (Fluid Silver, 256 GB)",8 GB RAM | 256 GB ROM17.22 cm (6.78 inch) Display50MP Rear Camera5500 mAh Battery1 Year,"2,518 Ratings & 191 Reviews",4.5,26625.0,518.0,191.0,8.0,256.0,6.78,50.0,5500.0,1.0
"Infinix GT 20 Pro (Mecha Silver, 256 GB)",12 GB RAM | 256 GB ROM17.22 cm (6.78 inch) Full HD+ Display108MP (OIS) + 2MP + 2MP | 32MP Front Camera5000 mAh BatteryDimensity 8200 Ultimate Processor1 Year Warranty,"7,895 Ratings & 547 Reviews",4.3,26999.0,895.0,547.0,12.0,256.0,6.78,50.0,5000.0,1.0
Snexian BOLD X2,32 MB RAM | 32 MB ROM5.11 cm (2.01 inch) NA Display1.3MP Rear Camera1000 mAh Battery3 Month Domestic Warranty,191 Ratings & 16 Reviews,3.7,1199.0,191.0,16.0,8.0,128.0,2.01,3.0,1000.0,1.0
ringme R1+ JUMBO,32 MB RAM | 32 MB ROM6.1 cm (2.4 inch) Display1MP Rear Camera4000 mAh Battery1 MONTH Domestic Warranty,109 Ratings & 9 Reviews,4.1,1449.0,109.0,9.0,8.0,128.0,2.4,1.0,4000.0,1.0
"realme C63 (Leather Blue, 64 GB)",4 GB RAM | 64 GB ROM | Expandable Upto 2 TB17.13 cm (6.745 inch) HD+ Display50MP Rear Camera | 8MP Front Camera5000 mAh BatteryT612 Processor1 Year Manufacturer Warranty for Device and 6 Months Manufacturer Warranty for Inbox Accessories,"10,449 Ratings & 532 Reviews",4.3,8499.0,449.0,532.0,4.0,64.0,6.745,50.0,5000.0,1.0
"IQOO Neo 10R 5G (Raging Blue, 256 GB)",8 GB RAM | 256 GB ROM17.22 cm (6.78 inch) Display50MP Rear Camera6400 mAh Battery1 Year Manufacturer Warranty for Phone and 6 Months Warranty for In the Box Accessories,52 Ratings & 6 Reviews,4.5,33500.0,52.0,6.0,8.0,256.0,6.78,50.0,6400.0,1.0
"Google Pixel 9 Pro XL (Obsidian, 512 GB)",16 GB RAM | 512 GB ROM17.27 cm (6.8 inch) Display50MP + 48MP + 48MP | 42MP Front Camera5060 mAh BatteryGoogle Tensor G4 Processor1 Year Domestic Warranty,640 Ratings & 58 Reviews,4.6,129999.0,640.0,58.0,16.0,512.0,6.8,50.0,5060.0,1.0
"LAVA Yuva Star (Glossy White, 64 GB)",4 GB RAM | 64 GB ROM | Expandable Upto 1 TB17.14 cm (6.75 inch) HD+ Display13MP Rear Camera | 5MP Front Camera5000 mAh BatteryUnisoc SC9863A Processor1 Year Handset Warranty and 6 Months Warranty on Accessories,676 Ratings & 40 Reviews,4.1,6749.0,676.0,40.0,4.0,64.0,6.75,13.0,5000.0,1.0
"SAMSUNG Galaxy A16 5G (Gold, 128 GB)",8 MB RAM | 128 GB ROM | Expandable Upto 1 TB17.02 cm (6.7 inch) Full HD+ Display50MP + 50MP + 5MP + 2MP | 13MP + 13MP Dual Front Camera5000 mAh BatteryDimensity 6300 Processor1 Year Manufacturer Warranty for Device and 6 Months for Inbox Accessories,"1,077 Ratings & 70 Reviews",4.2,15999.0,77.0,70.0,8.0,128.0,6.7,50.0,5000.0,1.0
"REDMI Note 14 5G (Titan Black, 128 GB)",6 GB RAM | 128 GB ROM16.94 cm (6.67 inch) Display50MP Rear Camera5110 mAh Battery1 Year,"1,014 Ratings & 54 Reviews",4.4,17490.0,14.0,54.0,6.0,128.0,6.67,50.0,5110.0,1.0
"REDMI Note 14 5G (Black, 128 GB)",8 GB RAM | 128 GB ROM16.94 cm (6.67 inch) Display50MP Rear Camera5110 mAh Battery1 Year,532 Ratings & 43 Reviews,4.2,18332.0,532.0,43.0,8.0,128.0,6.67,50.0,5110.0,1.0
"Tecno Spark 30C 5G (Aurora Cloud, 128 GB)",4 GB RAM | 128 GB ROM | Expandable Upto 1 TB16.94 cm (6.67 inch) Display48MP Rear Camera | 8MP Front Camera5000 mAh BatteryDimensity 6300 5G Processor1 Year Manufacturer Warranty for Phone,327 Ratings & 16 Reviews,4.3,10499.0,327.0,16.0,4.0,128.0,6.67,48.0,5000.0,1.0
"Tecno Spark 30C 5G (Midnight Shadow, 64 GB)",4 GB RAM | 64 GB ROM | Expandable Upto 1 TB16.94 cm (6.67 inch) Display48MP Rear Camera | 8MP Front Camera5000 mAh BatteryDimensity 6300 5G Processor1 Year Manufacturer Warranty for Phone,327 Ratings & 16 Reviews,4.3,9999.0,327.0,16.0,4.0,64.0,6.67,48.0,5000.0,1.0
"Google Pixel 9 Pro XL (Porcelain, 256 GB)",16 GB RAM | 256 GB ROM17.27 cm (6.8 inch) Display50MP + 48MP + 48MP | 42MP Front Camera5060 mAh BatteryGoogle Tensor G4 Processor1 Year Domestic Warranty,640 Ratings & 58 Reviews,4.6,114999.0,640.0,58.0,16.0,256.0,6.8,50.0,5060.0,1.0
"POCO X7 Pro 5G (Nebula Green, 256 GB)",12 GB RAM | 256 GB ROM16.94 cm (6.67 inch) Display50MP + 8MP | 20MP Front Camera6550 mAh BatteryDimensity D8400 Ultra Processor1 Year Manufacturer Warranty for Phone and 6 Months Warranty for In the Box Accessories,"2,365 Ratings & 352 Reviews",4.4,27999.0,365.0,352.0,12.0,256.0,6.67,50.0,6550.0,1.0
"vivo Y39 5G (Lotus Purple, 256 GB)",8 GB RAM | 256 GB ROM | Expandable Upto 8 GB16.97 cm (6.68 inch) Display50MP + 2MP | 8MP Front Camera6500 mAh Battery4 Gen 2 Processor1 Year Warranty on the Product and 6 Months Warranty on the Accessories,10 Ratings & 0 Reviews,4.9,18999.0,10.0,0.0,8.0,256.0,6.68,50.0,6500.0,1.0
"vivo Y39 5G (Lotus Purple, 128 GB)",8 GB RAM | 128 GB ROM | Expandable Upto 8 GB16.97 cm (6.68 inch) Display50MP + 2MP | 8MP Front Camera6500 mAh Battery4 Gen 2 Processor1 Year Warranty on the Product and 6 Months Warranty on the Accessories,10 Ratings & 0 Reviews,4.9,16999.0,10.0,0.0,8.0,128.0,6.68,50.0,6500.0,1.0
"vivo Y39 5G (Ocean Blue, 256 GB)",8 GB RAM | 256 GB ROM | Expandable Upto 8 GB16.97 cm (6.68 inch) Display50MP + 2MP | 8MP Front Camera6500 mAh Battery4 Gen 2 Processor1 Year Warranty on the Product and 6 Months Warranty on the Accessories,10 Ratings & 0 Reviews,4.9,18999.0,10.0,0.0,8.0,256.0,6.68,50.0,6500.0,1.0
"REDMI Note 14 5G (Mystique White, 128 GB)",8 GB RAM | 128 GB ROM16.94 cm (6.67 inch) Display50MP Rear Camera5110 mAh Battery1 Year,532 Ratings & 43 Reviews,4.2,18281.0,532.0,43.0,8.0,128.0,6.67,50.0,5110.0,1.0
"realme C65 5G (Feather Green, 128 GB)",4 GB RAM | 128 GB ROM | Expandable Upto 2 TB16.94 cm (6.67 inch) HD+ Display50MP Rear Camera | 8MP Front Camera5000 mAh BatteryDimensity 6300 Processor1 Year Manufacturer Warranty for Device and 6 Months Manufacturer Warranty for Inbox Accessories,"5,442 Ratings & 237 Reviews",4.2,10999.0,442.0,237.0,4.0,128.0,6.67,50.0,5000.0,1.0
"realme C65 5G (Glowing Black, 128 GB)",6 GB RAM | 128 GB ROM | Expandable Upto 2 TB16.94 cm (6.67 inch) HD+ Display50MP Rear Camera | 8MP Front Camera5000 mAh BatteryDimensity 6300 Processor1 Year Manufacturer Warranty for Device and 6 Months Manufacturer Warranty for Inbox Accessories,"12,677 Ratings & 527 Reviews",4.3,12498.0,677.0,527.0,6.0,128.0,6.67,50.0,5000.0,1.0
"POCO C61 (Ethereal Blue, 64 GB)",4 GB RAM | 64 GB ROM | Expandable Upto 1 TB17.04 cm (6.71 inch) HD+ Display8MP Rear Camera | 5MP Front Camera5000 mAh BatteryHelio G36 Processor1 Year Manufacturer Warranty for Phone and 6 Months Warranty for In the Box Accessories,"93,814 Ratings & 3,984 Reviews",4.2,7499.0,814.0,984.0,4.0,64.0,6.71,8.0,5000.0,1.0
"SAMSUNG Galaxy M16 5G (Thunder Black, 128 GB)",6 GB RAM | 128 GB ROM17.02 cm (6.7 inch) Display50MP Rear Camera5000 mAh Battery1 Year Manufacturer Warranty for Phone and 6 Months Warranty for In the Box Accessories,106 Ratings & 8 Reviews,4.2,13795.0,106.0,8.0,6.0,128.0,6.7,50.0,5000.0,1.0
"IQOO Neo 10R 5G (MoonKnight Titanium, 128 GB)",8 GB RAM | 128 GB ROM17.22 cm (6.78 inch) Display50MP Rear Camera6400 mAh Battery1 Year Manufacturer Warranty for Phone and 6 Months Warranty for In the Box Accessories,52 Ratings & 6 Reviews,4.5,28500.0,52.0,6.0,8.0,128.0,6.78,50.0,6400.0,1.0
"IQOO Z9 5G (Graphene Blue, 256 GB)",8 GB RAM | 256 GB ROM16.94 cm (6.67 inch) Display50MP Rear Camera5000 mAh Battery1 Year on Handset and 6 Months on Accessories,"3,730 Ratings & 218 Reviews",4.4,19299.0,730.0,218.0,8.0,256.0,6.67,50.0,5000.0,1.0
"SAMSUNG M15 5G Prime Edition (Stone Grey, 128 GB)",6 GB RAM | 128 GB ROM16.51 cm (6.5 inch) Display50MP Rear Camera6000 mAh Battery1 Year Manufacturer Warranty for Device and 6 Months for In-Box Accessories,155 Ratings & 10 Reviews,4.4,13399.0,155.0,10.0,6.0,128.0,6.5,50.0,6000.0,1.0
"OPPO A3 Pro 5G (Starry Black, 128 GB)",8 GB RAM | 128 GB ROM | Expandable Upto 1 TB16.94 cm (6.67 inch) Display50MP + 2MP | 8MP Front Camera5100 mAh BatteryDimensity 6300 5G Mobile Platform Processor1 Year Manufacturer Warranty for Device and 6 Months Manufacturer Warranty for Inbox Accessories,"1,986 Ratings & 89 Reviews",4.3,16999.0,986.0,89.0,8.0,128.0,6.67,50.0,5100.0,1.0
"OPPO A3 Pro 5G (Starry Black, 256 GB)",8 GB RAM | 256 GB ROM | Expandable Upto 1 TB16.94 cm (6.67 inch) Display50MP + 2MP | 8MP Front Camera5100 mAh BatteryDimensity 6300 5G Mobile Platform Processor1 Year Manufacturer Warranty for Device and 6 Months Manufacturer Warranty for Inbox Accessories,"1,986 Ratings & 89 Reviews",4.3,18999.0,986.0,89.0,8.0,256.0,6.67,50.0,5100.0,1.0
"REDMI 12 (Jade Black, 128 GB)",6 GB RAM | 128 GB ROM | Expandable Upto 1 TB17.25 cm (6.79 inch) Full HD+ Display50MP + 8MP + 2MP | 8MP Front Camera5000 mAh BatteryHelio G88 Processor1 Year Manufacturer Warranty for Phone and 6 Months Warranty for in the Box Accessories,"73,855 Ratings & 4,396 Reviews",4.2,12000.0,855.0,396.0,6.0,128.0,6.79,50.0,5000.0,1.0
"realme 13+ 5G (Victory Gold, 256 GB)",8 GB RAM | 256 GB ROM | Expandable Upto 2 TB16.94 cm (6.67 inch) Full HD+ Display50MP + 2MP | 16MP Front Camera5000 mAh BatteryDimensity 7300 Energy Processor1 Year Manufacturer Warranty for Device and 6 Months Manufacturer Warranty for Inbox Accessories,"2,987 Ratings & 269 Reviews",4.3,24999.0,987.0,269.0,8.0,256.0,6.67,50.0,5000.0,1.0
"REDMI Note 13 5G (Purple, 128 GB)",6 GB RAM | 128 GB ROM | Expandable Upto 1 TB16.94 cm (6.67 inch) Full HD+ Display108MP + 2MP | 16MP Front Camera5000 mAh BatteryDimensity 6080 Processor1 Year Manufacturer Warranty for Phone and 6 Months Warranty for In the Box Accessories,"29,244 Ratings & 1,707 Reviews",4.2,14499.0,244.0,707.0,6.0,128.0,6.67,50.0,5000.0,1.0
"IQOO Z9 5G (Brushed Green, 256 GB)",8 GB RAM | 256 GB ROM16.94 cm (6.67 inch) Display50MP Rear Camera5000 mAh Battery1 Year on Handset and 6 Months on Accessories,"3,730 Ratings & 218 Reviews",4.4,18998.0,730.0,218.0,8.0,256.0,6.67,50.0,5000.0,1.0
"Tecno Spark 30C 5G (Azure Sky, 128 GB)",4 GB RAM | 128 GB ROM | Expandable Upto 1 TB16.94 cm (6.67 inch) Display48MP Rear Camera | 8MP Front Camera5000 mAh BatteryDimensity 6300 5G Processor1 Year Manufacturer Warranty for Phone,327 Ratings & 16 Reviews,4.3,10499.0,327.0,16.0,4.0,128.0,6.67,48.0,5000.0,1.0
Kechaoda A27,32 MB RAM | 32 MB ROM | Expandable Upto 16 GB1.68 cm (0.66 inch) QVGA Display0MP | 0MP Front Camera800 mAh BatteryNA Processor1 Year Domestic Warranty,"13,401 Ratings & 794 Reviews",4.0,894.0,401.0,794.0,8.0,128.0,0.66,50.0,800.0,1.0
"realme C65 5G (Feather Green, 128 GB)",6 GB RAM | 128 GB ROM | Expandable Upto 2 TB16.94 cm (6.67 inch) HD+ Display50MP Rear Camera | 8MP Front Camera5000 mAh BatteryDimensity 6300 Processor1 Year Manufacturer Warranty for Device and 6 Months Manufacturer Warranty for Inbox Accessories,"12,677 Ratings & 527 Reviews",4.3,11472.0,677.0,527.0,6.0,128.0,6.67,50.0,5000.0,1.0
"realme P3 Pro 5G (Saturn Brown, 256 GB)",12 GB RAM | 256 GB ROM17.35 cm (6.83 inch) Display50MP + 2MP | 16MP Front Camera6000 mAh Battery7s Gen 3 Mobile Platform Processor1 Year Manufacturer Warranty for Device and 6 Months Manufacturer Warranty for Inbox Accessories,366 Ratings & 44 Reviews,4.4,26999.0,366.0,44.0,12.0,256.0,6.83,50.0,6000.0,1.0
"REDMI Note 13 Pro 5G (Arctic White, 128 GB)",8 GB RAM | 128 GB ROM16.94 cm (6.67 inch) Display200MP (OIS) + 8MP + 2MP | 16MP Front Camera5100 mAh Battery7s Gen 2 Mobile Platform 5G Processor1 Year Manufacturer Warranty for Phone and 6 Months Warranty for In the Box Accessories,"36,197 Ratings & 2,861 Reviews",4.3,17499.0,197.0,861.0,8.0,128.0,6.67,50.0,5100.0,1.0
"Apple 14 Plus (Blue, 128 GB)","128 GB ROM17.02 cm (6.7 inch) Super Retina XDR Display12MP + 12MP | 12MP Front CameraA15 Bionic Chip, 6 Core Processor Processor1 year warranty for phone and 1 year warranty for in Box Accessories.","47,238 Ratings & 2,718 Reviews",4.6,69900.0,238.0,718.0,8.0,128.0,6.7,50.0,5000.0,1.0
"realme 13 5G (Dark Purple, 256 GB)",8 GB RAM | 256 GB ROM | Expandable Upto 2 TB17.07 cm (6.72 inch) Full HD+ Display50MP + 2MP | 16MP Front Camera5000 mAh BatteryDimensity 6300 Processor1 Year Manufacturer Warranty for Device and 6 Months Manufacturer Warranty for Inbox Accessories,899 Ratings & 48 Reviews,4.3,19999.0,899.0,48.0,8.0,256.0,6.72,50.0,5000.0,1.0
"SAMSUNG Galaxy A14 5G (Dark Red, 128 GB)",4 GB RAM | 128 GB ROM | Expandable Upto 1 TB16.76 cm (6.6 inch) Full HD+ Display50MP + 2MP + 2MP | 13MP Front Camera5000 mAh Lithium Ion BatteryExynos 1330 Processor1 Year Manufacturer Warranty for Device and 6 Months Manufacturer Warranty for In-Box Accessories,"43,537 Ratings & 2,039 Reviews",4.2,10999.0,537.0,39.0,4.0,128.0,6.6,50.0,5000.0,1.0
"Infinix HOT 30i (Marigold, 128 GB)",8 GB RAM | 128 GB ROM | Expandable Upto 1 TB16.76 cm (6.6 inch) HD+ Display50MP + AI Lens | 5MP Front Camera5000 mAh BatteryG37 Processor1 Year on Handset and 6 Months on Accessories,"1,57,265 Ratings & 8,384 Reviews",4.3,9499.0,265.0,384.0,8.0,128.0,6.6,50.0,5000.0,1.0
"vivo Y29 5G (Diamond Black, 128 GB)",6 GB RAM | 128 GB ROM | Expandable Upto 1 TB16.97 cm (6.68 inch) Display50MP + 0.08MP | 8MP Front Camera5500 mAh BatteryDimensity 6300 Processor1 Year Manufacturer Warranty for Device and 6 Months Manufacturer Warranty for Inbox Accessories,709 Ratings & 29 Reviews,4.4,15499.0,709.0,29.0,6.0,128.0,6.68,50.0,5500.0,1.0
"LAVA Blaze 3 5G (Glass Blue, 128 GB)",6 GB RAM | 128 GB ROM16.66 cm (6.56 inch) Display50MP Rear Camera5000 mAh Battery1 Year Handset Warranty and 6 Months Warranty on Accessories,127 Ratings & 14 Reviews,4.2,10683.0,127.0,14.0,6.0,128.0,6.56,50.0,5000.0,1.0
"vivo Y29 5G (Diamond Black, 128 GB)",4 GB RAM | 128 GB ROM | Expandable Upto 1 TB16.97 cm (6.68 inch) Display50MP + 0.08MP | 8MP Front Camera5500 mAh BatteryDimensity 6300 Processor1 Year Manufacturer Warranty for Device and 6 Months Manufacturer Warranty for Inbox Accessories,359 Ratings & 22 Reviews,4.4,13999.0,359.0,22.0,4.0,128.0,6.68,50.0,5500.0,1.0
"Motorola Edge 50 Pro 5G with 125W Charger (Luxe Lavender, 256 GB)",12 GB RAM | 256 GB ROM17.02 cm (6.7 inch) Display50MP + 13MP + 10MP | 50MP Front Camera4500 mAh Battery7 Gen 3 Mobile Platform Processor1 Year on Handset and 6 Months on Accessories,"59,517 Ratings & 4,042 Reviews",4.4,29999.0,517.0,42.0,12.0,256.0,6.7,50.0,4500.0,1.0
"POCO X7 5G (Cosmic Silver, 256 GB)",8 GB RAM | 256 GB ROM16.94 cm (6.67 inch) Display50MP + 8MP + 2MP | 20MP Front Camera5500 mAh BatteryDimensity 7300 Ultra Processor1 Year Manufacturer Warranty for Phone and 6 Months Warranty for In the Box Accessories,"2,695 Ratings & 312 Reviews",4.3,20999.0,695.0,312.0,8.0,256.0,6.67,50.0,5500.0,1.0
"SAMSUNG Galaxy A06 (Light Blue, 64 GB)",4 GB RAM | 64 GB ROM | Expandable Upto 1 TB17.02 cm (6.7 inch) HD+ Display50MP + 2MP | 8MP Front Camera5000 mAh BatteryMediatek Helio G85 Processor1 Year Manufacturer Warranty for Device and 6 Months for In-Box Accessories,40 Ratings & 7 Reviews,4.3,9999.0,40.0,7.0,4.0,64.0,6.7,50.0,5000.0,1.0
"Motorola Edge 50 Pro 5G with 68W Charger (Luxe Lavender, 256 GB)",8 GB RAM | 256 GB ROM17.02 cm (6.7 inch) Display50MP + 13MP + 10MP | 50MP Front Camera4500 mAh Battery7 Gen 3 Mobile Platform Processor1 Year on Handset and 6 Months on Accessories,"33,586 Ratings & 2,970 Reviews",4.4,27999.0,586.0,970.0,8.0,256.0,6.7,50.0,4500.0,1.0
"POCO X7 5G (Cosmic Silver, 128 GB)",8 GB RAM | 128 GB ROM16.94 cm (6.67 inch) Display50MP + 8MP + 2MP | 20MP Front Camera5500 mAh BatteryDimensity 7300 Ultra Processor1 Year Manufacturer Warranty for Phone and 6 Months Warranty for In the Box Accessories,"2,695 Ratings & 312 Reviews",4.3,18999.0,695.0,312.0,8.0,128.0,6.67,50.0,5500.0,1.0
"vivo Y28s 5G (Twinkling Purple, 128 GB)",6 GB RAM | 128 GB ROM | Expandable Upto 1 TB16.66 cm (6.56 inch) Full HD+ Display50MP + 0.08MP | 8MP Front Camera5000 mAh BatteryDimensity 6300 Processor1 Year Manufacturer Warranty for Device and 6 Months Manufacturer Warranty for Inbox Accessories,926 Ratings & 47 Reviews,4.4,14499.0,926.0,47.0,6.0,128.0,6.56,50.0,5000.0,1.0
"SAMSUNG Galaxy F55 5G (Raisin Black, 256 GB)",12 GB RAM | 256 GB ROM | Expandable Upto 1 TB17.02 cm (6.7 inch) Full HD+ Display50MP + 8MP + 2MP | 50MP Front Camera5000 mAh Battery7 Gen 1 Processor1 Year Manufacturer Warranty for Device and 6 Months for In-Box Accessories,311 Ratings & 40 Reviews,4.1,26999.0,311.0,40.0,12.0,256.0,6.7,50.0,5000.0,1.0
"REDMI Note 13 Pro 5G (Arctic White, 256 GB)",12 GB RAM | 256 GB ROM16.94 cm (6.67 inch) Display200MP (OIS) + 8MP + 2MP | 16MP Front Camera5100 mAh Battery7s Gen 2 Mobile Platform 5G Processor1 Year Manufacturer Warranty for Phone and 6 Months Warranty for In the Box Accessories,"9,576 Ratings & 711 Reviews",4.3,19999.0,576.0,711.0,12.0,256.0,6.67,50.0,5100.0,1.0
"LAVA A3 Torch DS Keypad Phone|1750mAh Big Battery|1.8"" Large Display|Quad Strip Torch",24 MB RAM | 32 MB ROM4.57 cm (1.8 inch) Display0.3MP Rear Camera1750 mAh Battery1 Year Handset Domestic warranty,63 Ratings & 7 Reviews,4.2,1238.0,63.0,7.0,8.0,128.0,1.8,3.0,1750.0,1.0
"SAMSUNG S25 5G (Mint, 256 GB)",12 GB RAM | 256 GB ROM15.75 cm (6.2 inch) Full HD+ Display50MP + 10MP + 12MP | 12MP Front Camera4000 mAh Battery8 Elite for Galaxy Processor1 Year Manufacturer Warranty for Device and 6 Months for In-Box Accessories,710 Ratings & 112 Reviews,4.6,80999.0,710.0,112.0,12.0,256.0,6.2,50.0,4000.0,1.0
Nokia 105,32 MB RAM | 32 MB ROM4.5 cm (1.77 inch) NA Display0MP | 0MP Front Camera5000 mAh Battery1YR BRAND WARRANTY ON HANDSET & 6 MONTHS WARRANTY ON ACCESSORIES,"3,708 Ratings & 236 Reviews",3.4,1299.0,708.0,236.0,8.0,128.0,1.77,50.0,5000.0,1.0
itel Ace2 Heera | King Talker | Auto Call Recording | Expendable Storage32GB,32 MB RAM | 32 MB ROM | Expandable Upto 32 GB4.57 cm (1.8 inch) Display1000 mAh Battery1 year manufacturer Warranty,142 Ratings & 7 Reviews,4.0,859.0,142.0,7.0,8.0,128.0,1.8,50.0,1000.0,1.0
"REDMI 14C 5G (Stardust Purple, 64 GB)",4 GB RAM | 64 GB ROM | Expandable Upto 1 TB17.48 cm (6.88 inch) HD+ Display50MP Rear Camera | 8MP Front Camera5160 mAh Battery4 Gen 2 5G Processor1 Year Manufacturer Warranty for Phone and 6 Months Warranty for In the Box Accessories,740 Ratings & 52 Reviews,4.2,9499.0,740.0,52.0,4.0,64.0,6.88,50.0,5160.0,1.0
"realme 12 Pro+ 5G (Submarine Blue, 256 GB)",8 GB RAM | 256 GB ROM17.02 cm (6.7 inch) Full HD+ Display50MP + 8MP + 64MP | 32MP Front Camera5000 mAh BatterySnapdragon 7s Gen 2 Processor1 Year Manufacturer Warranty for Device and 6 Months Manufacturer Warranty for Inbox Accessories,"26,569 Ratings & 3,097 Reviews",4.4,22999.0,569.0,97.0,8.0,256.0,6.7,50.0,5000.0,1.0
"Infinix Zero 40 5G (Violet Garden, 512 GB)",12 GB RAM | 512 GB ROM17.22 cm (6.78 inch) Full HD+ Display108MP + 50MP + 2MP | 50MP Front Camera5000 mAh Lithium-ion Polymer BatteryDimensity 8200 Ultimate Processor1 Year Warranty on Handset and 6 Months Warranty on Accessories,"1,218 Ratings & 163 Reviews",4.2,28999.0,218.0,163.0,12.0,512.0,6.78,50.0,5000.0,1.0
"REDMI Note 14 Pro 5G (Phantom Purple, 128 GB)",8 GB RAM | 128 GB ROM16.94 cm (6.67 inch) Display50MP + 8MP + 2MP | 20MP Front Camera5500 mAh BatteryDimensity 7300 Ultra Processor1 Year Manufacturer Warranty for Phone and 6 Months Warranty for In the Box Accessories,"2,327 Ratings & 195 Reviews",4.4,23999.0,327.0,195.0,8.0,128.0,6.67,50.0,5500.0,1.0
Snexian Bold V1,32 MB RAM | 32 MB ROM | Expandable Upto 16 GB4.57 cm (1.8 inch) Quarter QVGA Display0.3MP Rear Camera1000 mAh Battery3 Months Domestic Warranty,208 Ratings & 7 Reviews,4.2,2297.0,208.0,7.0,8.0,128.0,1.8,3.0,1000.0,1.0
"realme C63 (Jade Green, 128 GB)",4 GB RAM | 128 GB ROM | Expandable Upto 2 TB17.13 cm (6.745 inch) HD+ Display50MP Rear Camera | 8MP Front Camera5000 mAh BatteryT612 Processor1 Year Manufacturer Warranty for Device and 6 Months Manufacturer Warranty for Inbox Accessories,"10,449 Ratings & 532 Reviews",4.3,8999.0,449.0,532.0,4.0,128.0,6.745,50.0,5000.0,1.0
"OPPO A3x 5G (Starlight White, 64 GB)",4 GB RAM | 64 GB ROM | Expandable Upto 2 TB16.94 cm (6.67 inch) HD+ Display8MP Rear Camera | 5MP Front Camera5100 mAh BatteryDimensity 6300 Processor1 Year Manufacturer Warranty for Device and 6 Months Manufacturer Warranty for Inbox Accessories,"2,150 Ratings & 93 Reviews",4.2,11499.0,150.0,93.0,4.0,64.0,6.67,8.0,5100.0,1.0
"SAMSUNG Galaxy A26 5G (Awesome Black, 128 GB)",8 GB RAM | 128 GB ROM | Expandable Upto 1 TB17.02 cm (6.7 inch) Full HD+ Display50MP + 8MP | 13MP Front Camera5000 mAh BatterySamsung Exynos 1380 Processor1 Year Manufacturer Warranty for Device and 6 Months for In-Box Accessories,38 Ratings & 9 Reviews,4.0,24999.0,38.0,9.0,8.0,128.0,6.7,50.0,5000.0,1.0
"realme 13+ 5G (Victory Gold, 128 GB)",8 GB RAM | 128 GB ROM | Expandable Upto 2 TB16.94 cm (6.67 inch) Full HD+ Display50MP + 2MP | 16MP Front Camera5000 mAh BatteryDimensity 7300 Energy Processor1 Year Manufacturer Warranty for Device and 6 Months Manufacturer Warranty for Inbox Accessories,"2,987 Ratings & 269 Reviews",4.3,22999.0,987.0,269.0,8.0,128.0,6.67,50.0,5000.0,1.0
Kechaoda K33,32 MB RAM | 32 GB ROM | Expandable Upto 32 MB3.66 cm (1.44 inch) NA Display0.3MP + 0MP | 0MP Front Camera800 mAh BatteryNA Processor1 Year Manufacturer Warranty,"10,581 Ratings & 609 Reviews",4.0,997.0,581.0,609.0,8.0,32.0,1.44,50.0,800.0,1.0
"realme 13+ 5G (Speed Green, 128 GB)",8 GB RAM | 128 GB ROM | Expandable Upto 2 TB16.94 cm (6.67 inch) Full HD+ Display50MP + 2MP | 16MP Front Camera5000 mAh BatteryDimensity 7300 Energy Processor1 Year Manufacturer Warranty for Device and 6 Months Manufacturer Warranty for Inbox Accessories,"2,987 Ratings & 269 Reviews",4.3,22999.0,987.0,269.0,8.0,128.0,6.67,50.0,5000.0,1.0
"Google Pixel 9 Pro XL (Hazel, 256 GB)",16 GB RAM | 256 GB ROM17.27 cm (6.8 inch) Display50MP + 48MP + 48MP | 42MP Front Camera5060 mAh BatteryGoogle Tensor G4 Processor1 Year Domestic Warranty,640 Ratings & 58 Reviews,4.6,114999.0,640.0,58.0,16.0,256.0,6.8,50.0,5060.0,1.0
"POCO F6 5G (Black, 512 GB)",12 GB RAM | 512 GB ROM16.94 cm (6.67 inch) Display50MP (OIS) + 8MP | 20MP Front Camera5000 mAh Battery8s Gen3 Processor1 Year Manufacturer Warranty for Phone and 6 Months Warranty for In the Box Accessories,"6,358 Ratings & 633 Reviews",4.3,26999.0,358.0,633.0,12.0,512.0,6.67,50.0,5000.0,1.0
"SAMSUNG Galaxy A06 (Black, 128 GB)",4 GB RAM | 128 GB ROM | Expandable Upto 1 TB17.02 cm (6.7 inch) HD+ Display50MP + 2MP | 8MP Front Camera5000 mAh BatteryMediatek Helio G85 Processor1 Year Manufacturer Warranty for Device and 6 Months for In-Box Accessories,40 Ratings & 7 Reviews,4.3,11499.0,40.0,7.0,4.0,128.0,6.7,50.0,5000.0,1.0
"IQOO Z9S PRO 5G (Flamboyant Orange, 256 GB)",12 GB RAM | 256 GB ROM17.2 cm (6.77 inch) Display50MP Rear Camera5500 mAh Battery1 YEAR,366 Ratings & 28 Reviews,4.5,29450.0,366.0,28.0,12.0,256.0,6.77,50.0,5500.0,1.0
"vivo Y29 5G (Titanium Gold, 256 GB)",8 GB RAM | 256 GB ROM | Expandable Upto 1 TB16.97 cm (6.68 inch) Display50MP + 0.08MP | 8MP Front Camera5500 mAh BatteryDimensity 6300 Processor1 Year Manufacturer Warranty for Device and 6 Months Manufacturer Warranty for Inbox Accessories,488 Ratings & 25 Reviews,4.3,18999.0,488.0,25.0,8.0,256.0,6.68,50.0,5500.0,1.0
"Infinix SMART 8 (Shiny Gold, 128 GB)",8 GB RAM | 128 GB ROM | Expandable Upto 2 TB16.76 cm (6.6 inch) HD+ Display50MP + AI Lens | 8MP Front Camera5000 mAh BatteryHelio G36 Processor1 Year on Handset and 6 Months on Accessories,"11,219 Ratings & 636 Reviews",4.3,8999.0,219.0,636.0,8.0,128.0,6.6,50.0,5000.0,1.0
"realme P3 Pro 5G (Nebula Glow, 128 GB)",8 GB RAM | 128 GB ROM17.35 cm (6.83 inch) Display50MP + 2MP | 16MP Front Camera6000 mAh Battery7s Gen 3 Mobile Platform Processor1 Year Manufacturer Warranty for Device and 6 Months Manufacturer Warranty for Inbox Accessories,"1,628 Ratings & 183 Reviews",4.4,23999.0,628.0,183.0,8.0,128.0,6.83,50.0,6000.0,1.0
"realme P3 Pro 5G (Saturn Brown, 256 GB)",8 GB RAM | 256 GB ROM17.35 cm (6.83 inch) Display50MP + 2MP | 16MP Front Camera6000 mAh Battery7s Gen 3 Mobile Platform Processor1 Year Manufacturer Warranty for Device and 6 Months Manufacturer Warranty for Inbox Accessories,"1,628 Ratings & 183 Reviews",4.4,24999.0,628.0,183.0,8.0,256.0,6.83,50.0,6000.0,1.0
"realme P3 Pro 5G (Nebula Glow, 256 GB)",8 GB RAM | 256 GB ROM17.35 cm (6.83 inch) Display50MP + 2MP | 16MP Front Camera6000 mAh Battery7s Gen 3 Mobile Platform Processor1 Year Manufacturer Warranty for Device and 6 Months Manufacturer Warranty for Inbox Accessories,"1,628 Ratings & 183 Reviews",4.4,24999.0,628.0,183.0,8.0,256.0,6.83,50.0,6000.0,1.0
"SAMSUNG Galaxy A35 5G (Awesome Iceblue, 128 GB)",8 GB RAM | 128 GB ROM | Expandable Upto 1 TB16.76 cm (6.6 inch) Full HD+ Display50MP + 8MP + 5MP | 13MP Front Camera5000 mAh BatterySamsung Exynos 1380 Processor1 Year Manufacturer Warranty for Device and 6 Months for In-Box Accessories,"4,529 Ratings & 331 Reviews",4.3,24822.0,529.0,331.0,8.0,128.0,6.6,50.0,5000.0,1.0
"SAMSUNG M16 5G (Blush Pink, 128 GB)",4 GB RAM | 128 GB ROM17.02 cm (6.7 inch) Display50MP Rear Camera5000 mAh Battery1 Year Manufacturer Warranty for Phone and 6 Months Warranty for In the Box Accessories,34 Ratings & 1 Reviews,4.4,12644.0,34.0,1.0,4.0,128.0,6.7,50.0,5000.0,1.0
"SAMSUNG Galaxy S24 5G (Onyx Black, 256 GB)",8 GB RAM | 256 GB ROM15.75 cm (6.2 inch) Full HD+ Display50MP + 10MP + 12MP | 12MP Front Camera4000 mAh BatteryExynos 2400 Processor1 Year Manufacturer Warranty for Device and 6 Months for In-Box Accessories,"1,249 Ratings & 123 Reviews",4.5,55999.0,249.0,123.0,8.0,256.0,6.2,50.0,4000.0,1.0
"vivo Y29 5G (Titanium Gold, 128 GB)",8 GB RAM | 128 GB ROM | Expandable Upto 1 TB16.97 cm (6.68 inch) Display50MP + 0.08MP | 8MP Front Camera5500 mAh BatteryDimensity 6300 Processor1 Year Manufacturer Warranty for Device and 6 Months Manufacturer Warranty for Inbox Accessories,488 Ratings & 25 Reviews,4.3,16999.0,488.0,25.0,8.0,128.0,6.68,50.0,5500.0,1.0
Jio JioBharat J1 4G,56 MB RAM | 50 MB ROM7.11 cm (2.8 inch) Display0.3MP Rear Camera2500 mAh Battery1 Year Manufacturer Warranty,"1,420 Ratings & 59 Reviews",3.6,2099.0,420.0,59.0,8.0,128.0,2.8,3.0,2500.0,1.0
"realme 13+ 5G (Victory Gold, 256 GB)",12 GB RAM | 256 GB ROM | Expandable Upto 2 TB16.94 cm (6.67 inch) Full HD+ Display50MP + 2MP | 16MP Front Camera5000 mAh BatteryDimensity 7300 Energy Processor1 Year Manufacturer Warranty for Device and 6 Months Manufacturer Warranty for Inbox Accessories,300 Ratings & 34 Reviews,4.3,26999.0,300.0,34.0,12.0,256.0,6.67,50.0,5000.0,1.0
"vivo Y29 5G (Diamond Black, 128 GB)",8 GB RAM | 128 GB ROM | Expandable Upto 1 TB16.97 cm (6.68 inch) Display50MP + 0.08MP | 8MP Front Camera5500 mAh BatteryDimensity 6300 Processor1 Year Manufacturer Warranty for Device and 6 Months Manufacturer Warranty for Inbox Accessories,488 Ratings & 25 Reviews,4.3,16999.0,488.0,25.0,8.0,128.0,6.68,50.0,5500.0,1.0
"realme 13+ 5G (Speed Green, 256 GB)",12 GB RAM | 256 GB ROM | Expandable Upto 2 TB16.94 cm (6.67 inch) Full HD+ Display50MP + 2MP | 16MP Front Camera5000 mAh BatteryDimensity 7300 Energy Processor1 Year Manufacturer Warranty for Device and 6 Months Manufacturer Warranty for Inbox Accessories,300 Ratings & 34 Reviews,4.3,26999.0,300.0,34.0,12.0,256.0,6.67,50.0,5000.0,1.0
Snexian Bold V1,32 MB RAM | 32 MB ROM | Expandable Upto 16 GB4.57 cm (1.8 inch) Quarter QVGA Display0.3MP Rear Camera1000 mAh Battery3 Months Company Warranty,208 Ratings & 7 Reviews,4.2,2280.0,208.0,7.0,8.0,128.0,1.8,3.0,1000.0,1.0
"SAMSUNG Galaxy Z Fold5 (Icy Blue, 1 TB)",12 GB RAM | 1 TB ROM15.75 cm (6.2 inch) Display50MP + 12MP + 10MP4400 mAh BatterySnapdragon 8 Gen 2 Processor1 Year Manufacturer Warranty for Device and 6 Months Manufacturer Warranty for In-Box Accessories,421 Ratings & 24 Reviews,4.5,124999.0,421.0,24.0,12.0,128.0,6.2,50.0,4400.0,1.0
"IQOO Z9S PRO 5G (Flamboyant Orange, 128 GB)",8 GB RAM | 128 GB ROM17.2 cm (6.77 inch) Display50MP Rear Camera5500 mAh Battery1 YEAR,"2,079 Ratings & 139 Reviews",4.5,23990.0,79.0,139.0,8.0,128.0,6.77,50.0,5500.0,1.0
"OPPO F27 5G (Aber Orange, 128 GB)",8 GB RAM | 128 GB ROM | Expandable Upto 2 TB16.94 cm (6.67 inch) Full HD+ Display50MP + 2MP | 32MP Front Camera5000 mAh BatteryDimensity 6300 Processor1 Year Manufacturer Warranty for Device and 6 Months Manufacturer Warranty for Inbox Accessories,"1,578 Ratings & 89 Reviews",4.2,20999.0,578.0,89.0,8.0,128.0,6.67,50.0,5000.0,1.0
"IQOO Z9S PRO 5G (Luxe Marble, 128 GB)",8 GB RAM | 128 GB ROM17.2 cm (6.77 inch) Display50MP Rear Camera5500 mAh Battery1 YEAR,"2,079 Ratings & 139 Reviews",4.5,23899.0,79.0,139.0,8.0,128.0,6.77,50.0,5500.0,1.0
"vivo Y29 5G (Glacier Blue, 128 GB)",4 GB RAM | 128 GB ROM | Expandable Upto 1 TB16.97 cm (6.68 inch) Display50MP + 0.08MP | 8MP Front Camera5500 mAh BatteryDimensity 6300 Processor1 Year Manufacturer Warranty for Device and 6 Months Manufacturer Warranty for Inbox Accessories,359 Ratings & 22 Reviews,4.4,13999.0,359.0,22.0,4.0,128.0,6.68,50.0,5500.0,1.0
"POCO M6 5G (Galactic Black, 128 GB)",6 GB RAM | 128 GB ROM | Expandable Upto 1 TB17.12 cm (6.74 inch) HD+ Display50MP Rear Camera | 5MP Front Camera5000 mAh BatteryMediatek Dimensity 6100+ Processor1 Year Manufacturer Warranty for Phone and 6 Months Warranty for In the Box Accessories,"49,208 Ratings & 2,515 Reviews",4.3,9999.0,208.0,515.0,6.0,128.0,6.74,50.0,5000.0,1.0
"Infinix SMART 8 (Rainbow Blue, 64 GB)",4 GB RAM | 64 GB ROM | Expandable Upto 2 TB16.76 cm (6.6 inch) HD+ Display50MP + AI Lens | 8MP Front Camera5000 mAh BatteryHelio G36 Processor1 Year on Handset and 6 Months on Accessories,"34,129 Ratings & 1,935 Reviews",4.3,7299.0,129.0,935.0,4.0,64.0,6.6,50.0,5000.0,1.0
Snexian Bold V1,32 MB RAM | 32 MB ROM | Expandable Upto 16 GB4.57 cm (1.8 inch) Quarter QVGA Display0.3MP Rear Camera1000 mAh Battery3 Months Domestic Warranty,208 Ratings & 7 Reviews,4.2,2298.0,208.0,7.0,8.0,128.0,1.8,3.0,1000.0,1.0
"itel it5027 6.1cm Screen,1200mAh Battery Wireless FM Radio with Recording,KingVoice",4 MB RAM | 4 MB ROM | Expandable Upto 32 GB6.1 cm (2.4 inch) NA Display0.3MP + 0MP | 0MP Front Camera1200 mAh BatteryNA Processor12+1 Months Warranty for device 6 months for accessories 111 Days Replacement,"1,359 Ratings & 68 Reviews",4.0,1029.0,359.0,68.0,8.0,128.0,2.4,50.0,1200.0,1.0
"realme 13+ 5G (Dark Purple, 128 GB)",8 GB RAM | 128 GB ROM | Expandable Upto 2 TB16.94 cm (6.67 inch) Full HD+ Display50MP + 2MP | 16MP Front Camera5000 mAh BatteryDimensity 7300 Energy Processor1 Year Manufacturer Warranty for Device and 6 Months Manufacturer Warranty for Inbox Accessories,"2,987 Ratings & 269 Reviews",4.3,22999.0,987.0,269.0,8.0,128.0,6.67,50.0,5000.0,1.0
"realme NARZO N65 5G (DEEP GREEN, 128 GB)",6 GB RAM | 128 GB ROM16.94 cm (6.67 inch) Display50MP Rear Camera5000 mAh Battery1 Year,"2,448 Ratings & 114 Reviews",4.3,11569.0,448.0,114.0,6.0,128.0,6.67,50.0,5000.0,1.0
"POCO M6 5G (Polaris Green, 64 GB)",4 GB RAM | 64 GB ROM | Expandable Upto 1 TB17.12 cm (6.74 inch) HD+ Display50MP Rear Camera | 5MP Front Camera5000 mAh BatteryMediatek Dimensity 6100+ Processor1 Year Manufacturer Warranty for Phone and 6 Months Warranty for In the Box Accessories,"1,43,274 Ratings & 7,166 Reviews",4.2,11999.0,274.0,166.0,4.0,64.0,6.74,50.0,5000.0,1.0
"POCO M6 5G (Orion Blue, 64 GB)",4 GB RAM | 64 GB ROM | Expandable Upto 1 TB17.12 cm (6.74 inch) HD+ Display50MP Rear Camera | 5MP Front Camera5000 mAh BatteryMediatek Dimensity 6100+ Processor1 Year Manufacturer Warranty for Phone and 6 Months Warranty for In the Box Accessories,"1,43,274 Ratings & 7,166 Reviews",4.2,11999.0,274.0,166.0,4.0,64.0,6.74,50.0,5000.0,1.0
"realme P3 Pro 5G (Nebula Glow, 256 GB)",12 GB RAM | 256 GB ROM17.35 cm (6.83 inch) Display50MP + 2MP | 16MP Front Camera6000 mAh Battery7s Gen 3 Mobile Platform Processor1 Year Manufacturer Warranty for Device and 6 Months Manufacturer Warranty for Inbox Accessories,366 Ratings & 44 Reviews,4.4,26999.0,366.0,44.0,12.0,256.0,6.83,50.0,6000.0,1.0
"SAMSUNG A14 5G (Light Green, 128 GB)",6 GB RAM | 128 GB ROM | Expandable Upto 1 TB16.76 cm (6.6 inch) Full HD+ Display50MP + 2MP + 2MP | 13MP Front Camera5000 mAh Lithium Ion BatteryExynos 1330 Processor1 Year Manufacturer Warranty for Device and 6 Months Manufacturer Warranty for In-Box Accessories,"19,977 Ratings & 944 Reviews",4.2,11999.0,977.0,944.0,6.0,128.0,6.6,50.0,5000.0,1.0
"SAMSUNG Galaxy M14 4G (Saphire Blue, 64 GB)",4 GB RAM | 64 GB ROM16.76 cm (6.6 inch) Display50MP Rear Camera6000 mAh Battery1 year for handset and 6 month for accessories,"1,466 Ratings & 59 Reviews",4.1,8841.0,466.0,59.0,4.0,64.0,6.6,50.0,6000.0,1.0
"REDMI Note 14 Pro+ 5G (Phantom Purple, 512 GB)",12 GB RAM | 512 GB ROM16.94 cm (6.67 inch) Display50MP + 50MP + 8MP | 20MP Front Camera6200 mAh Battery7s Gen 3 Processor1 Year Manufacturer Warranty for Phone and 6 Months Warranty for In the Box Accessories,"1,135 Ratings & 135 Reviews",4.4,34999.0,135.0,135.0,12.0,512.0,6.67,50.0,6200.0,1.0
"SAMSUNG Galaxy F15 5G (Jazzy Green, 128 GB)",4 GB RAM | 128 GB ROM | Expandable Upto 1 TB16.51 cm (6.5 inch) Full HD+ Display50MP + 5MP + 2MP | 13MP Front Camera6000 mAh Lithium ion BatteryMediaTek Dimensity 6100+ Processor1 Year Manufacturer Warranty for Device and 6 Months Manufacturer Warranty for In-Box Accessories,"13,346 Ratings & 1,075 Reviews",4.1,12499.0,346.0,75.0,4.0,128.0,6.5,50.0,6000.0,1.0
Kechaoda K28,32 MB RAM | 64 MB ROM | Expandable Upto 16 GB6.1 cm (2.4 inch) QVGA Display0.3MP Rear Camera1700 mAh Battery1 Year Manufacturer Warranty,"4,576 Ratings & 345 Reviews",4.0,1198.0,576.0,345.0,8.0,128.0,2.4,3.0,1700.0,1.0
LAVA A5_2025,32 MB RAM | 24 MB ROM6.1 cm (2.4 inch) Display0.3MP Rear Camera1200 mAh BatteryBrand Warranty of 1 Year Available for Mobile and 6 Months for Battery and Accessories,18 Ratings & 0 Reviews,3.6,1248.0,18.0,0.0,8.0,128.0,2.4,3.0,1200.0,1.0
"Tecno Pova 6 Neo 5G (Aurora Cloud, 256 GB)",8 GB RAM | 256 GB ROM | Expandable Upto 1 TB16.94 cm (6.67 inch) Display108MP Rear Camera | 8MP Front Camera5000 mAh BatteryDimensity 6300 5G Processor1 Year Manufacturer Warranty for Phone,21 Ratings & 0 Reviews,3.9,13999.0,21.0,0.0,8.0,256.0,6.67,108.0,5000.0,1.0
"KARBONN K101i Dual SIM,Keypad Mobile,1.8''LCD,1000mAh Battery,TypeC USB,Memory Up to32GB",40 MB RAM | 35 MB ROM | Expandable Upto 32 GB4.57 cm (1.8 inch) FWVGA Display0MP | 0MP Front Camera1000 mAh BatteryNA Processor1 year handset and 6 month Box Accessories Service Warrenty,44 Ratings & 4 Reviews,4.2,878.0,44.0,4.0,8.0,128.0,1.8,50.0,1000.0,1.0
Kechaoda A26,32 MB RAM | 32 MB ROM | Expandable Upto 16 GB1.68 cm (0.66 inch) FWVGA Display800 mAh BatteryThe Hotline Mobiles has 3 Months Manufacture’s Warranty & after Warranty period we would like to help our customers with the best possible service under low expenses,"26,341 Ratings & 1,518 Reviews",4.0,899.0,341.0,518.0,8.0,128.0,0.66,50.0,800.0,1.0
itel Keypad Mobile | 2.4 inch Display| Type C Charging,4 MB RAM | 4 MB ROM6.1 cm (2.4 inch) Display0.3MP Rear Camera1200 mAh Battery1 year manufacturer,25 Ratings & 1 Reviews,4.0,1179.0,25.0,1.0,8.0,128.0,2.4,3.0,1200.0,1.0
"SAMSUNG Galaxy Z Flip5 (Cream, 512 GB)",8 GB RAM | 512 GB ROM17.02 cm (6.7 inch) Display12MP + 12MP | 10MP Front Camera3700 mAh BatterySnapdragon 8 Gen 2 Processor1 Year Manufacturer Warranty for Device and 6 Months Manufacturer Warranty for In-Box Accessories,652 Ratings & 36 Reviews,4.4,65899.0,652.0,36.0,8.0,512.0,6.7,50.0,3700.0,1.0
"LAVA Blaze 3 5G (Glass Gold, 128 GB)",6 GB RAM | 128 GB ROM16.66 cm (6.56 inch) Display50MP Rear Camera5000 mAh Battery1 Year Handset Warranty and 6 Months Warranty on Accessories,127 Ratings & 14 Reviews,4.2,11449.0,127.0,14.0,6.0,128.0,6.56,50.0,5000.0,1.0
"vivo T2x 5G (Black Gladiator, 128 GB)",6 GB RAM | 128 GB ROM16.71 cm (6.58 inch) Full HD+ Display50MP + 2MP | 8MP Front Camera5000 mAh BatteryMediatek Dimensity 6020 Processor1 Year of Device & 6 Months for Inbox Accessories,"4,50,200 Ratings & 23,700 Reviews",4.4,12999.0,200.0,700.0,6.0,128.0,6.58,50.0,5000.0,1.0
"vivo T2x 5G (Aurora Gold, 128 GB)",6 GB RAM | 128 GB ROM16.71 cm (6.58 inch) Full HD+ Display50MP + 2MP | 8MP Front Camera5000 mAh BatteryMediatek Dimensity 6020 Processor1 Year of Device & 6 Months for Inbox Accessories,"4,50,200 Ratings & 23,700 Reviews",4.4,12999.0,200.0,700.0,6.0,128.0,6.58,50.0,5000.0,1.0
"REDMI Note 14 Pro 5G (Ivy Green, 256 GB)",8 GB RAM | 256 GB ROM16.94 cm (6.67 inch) Display50MP + 8MP + 2MP | 20MP Front Camera5500 mAh BatteryDimensity 7300 Ultra Processor1 Year Manufacturer Warranty for Phone and 6 Months Warranty for In the Box Accessories,"2,327 Ratings & 195 Reviews",4.4,25999.0,327.0,195.0,8.0,256.0,6.67,50.0,5500.0,1.0
"REDMI Note 14 Pro 5G (Titan Black, 256 GB)",8 GB RAM | 256 GB ROM16.94 cm (6.67 inch) Display50MP + 8MP + 2MP | 20MP Front Camera5500 mAh BatteryDimensity 7300 Ultra Processor1 Year Manufacturer Warranty for Phone and 6 Months Warranty for In the Box Accessories,"2,327 Ratings & 195 Reviews",4.4,25999.0,327.0,195.0,8.0,256.0,6.67,50.0,5500.0,1.0
"SAMSUNG Galaxy S25 5G (Navy, 256 GB)",12 GB RAM | 256 GB ROM15.75 cm (6.2 inch) Full HD+ Display50MP + 10MP + 12MP | 12MP Front Camera4000 mAh Battery8 Elite for Galaxy Processor1 Year Manufacturer Warranty for Device and 6 Months for In-Box Accessories,670 Ratings & 98 Reviews,4.6,80999.0,670.0,98.0,12.0,256.0,6.2,50.0,4000.0,1.0
"SAMSUNG Galaxy A54 5G (Awesome Graphite, 128 GB)","8 GB RAM | 128 GB ROM | Expandable Upto 1 TB16.26 cm (6.4 inch) Full HD+ Display50MP + 12MP + 5MP | 32MP Front Camera5000 mAh BatteryExynos 1380, Octa Core Processor1 Year Manufacturer Warranty for Device and 6 Months Manufacturer Warranty for In-Box Accessories","4,650 Ratings & 385 Reviews",4.3,30999.0,650.0,385.0,8.0,128.0,6.4,50.0,5000.0,1.0
"POCO F6 5G (Black, 256 GB)",8 GB RAM | 256 GB ROM16.94 cm (6.67 inch) Display50MP (OIS) + 8MP | 20MP Front Camera5000 mAh Battery8s Gen3 Processor1 Year Manufacturer Warranty for Phone and 6 Months Warranty for In the Box Accessories,"11,805 Ratings & 1,068 Reviews",4.3,22999.0,805.0,68.0,8.0,256.0,6.67,50.0,5000.0,1.0
"REDMI Note 14 Pro 5G (Ivy Green, 128 GB)",8 GB RAM | 128 GB ROM16.94 cm (6.67 inch) Display50MP + 8MP + 2MP | 20MP Front Camera5500 mAh BatteryDimensity 7300 Ultra Processor1 Year Manufacturer Warranty for Phone and 6 Months Warranty for In the Box Accessories,"2,327 Ratings & 195 Reviews",4.4,23999.0,327.0,195.0,8.0,128.0,6.67,50.0,5500.0,1.0
Nokia 220 DS 4G,64 MB RAM | 64 MB ROM7.11 cm (2.8 inch) Display1450 mAh Battery1YR BRAND WARRANTY ON HANDSET & 6 MONTHS WARRANTY ON ACCESSORIES,478 Ratings & 29 Reviews,4.0,3147.0,478.0,29.0,8.0,128.0,2.8,50.0,1450.0,1.0
"vivo Y29 5G (Glacier Blue, 128 GB)",6 GB RAM | 128 GB ROM | Expandable Upto 1 TB16.97 cm (6.68 inch) Display50MP + 0.08MP | 8MP Front Camera5500 mAh BatteryDimensity 6300 Processor1 Year Manufacturer Warranty for Device and 6 Months Manufacturer Warranty for Inbox Accessories,709 Ratings & 29 Reviews,4.4,15499.0,709.0,29.0,6.0,128.0,6.68,50.0,5500.0,1.0
hmd 105 Dual Sim,4 MB RAM | 4 MB ROM | Expandable Upto 32 GB5.08 cm (2 inch) Display1000 mAh BatterySC6531E Processor1 Year Replacement.,"1,071 Ratings & 98 Reviews",4.2,1048.0,71.0,98.0,8.0,128.0,6.68,50.0,1000.0,1.0
"vivo T2x 5G (Marine Blue, 128 GB)",8 GB RAM | 128 GB ROM16.71 cm (6.58 inch) Full HD+ Display50MP + 2MP | 8MP Front Camera5000 mAh BatteryMediatek Dimensity 6020 Processor1 Year of Device & 6 Months for Inbox Accessories,"77,373 Ratings & 4,341 Reviews",4.4,15999.0,373.0,341.0,8.0,128.0,6.58,50.0,5000.0,1.0
"SAMSUNG Glaxy S25 Plus 5G (Navy, 512 GB)",12 GB RAM | 512 GB ROM17.02 cm (6.7 inch) Quad HD+ Display50MP + 10MP + 12MP | 12MP Front Camera4900 mAh Battery8 Elite for Glaxy Processor1 Year Manufacturer Warranty for Device and 6 Months for In-Box Accessories,21 Ratings & 2 Reviews,4.7,111999.0,21.0,2.0,12.0,512.0,6.7,50.0,4900.0,1.0
"SAMSUNG Galaxy A16 5G (Gold, 128 GB)",8 MB RAM | 128 GB ROM | Expandable Upto 1 TB17.02 cm (6.7 inch) Full HD+ Display50MP + 50MP + 5MP + 2MP | 13MP + 13MP Dual Front Camera5000 mAh BatteryDimensity 6300 Processor1 Year Manufacturer Warranty for Device and 6 Months for Inbox Accessories,"1,077 Ratings & 70 Reviews",4.2,15499.0,77.0,70.0,8.0,128.0,6.7,50.0,5000.0,1.0
"vivo Y300 5G (Titanium Silver, 256 GB)",8 GB RAM | 256 GB ROM | Expandable Upto 2 TB16.94 cm (6.67 inch) Display50MP + 2MP | 32MP Front Camera5000 mAh Battery4 Gen 2 Processor1 Year Warranty on Handset and 6 Months on Inbox Accessories,"1,793 Ratings & 115 Reviews",4.4,23999.0,793.0,115.0,8.0,256.0,6.67,50.0,5000.0,1.0
"REDMI 14C 5G (Stargaze Black, 128 GB)",4 GB RAM | 128 GB ROM | Expandable Upto 1 TB17.48 cm (6.88 inch) HD+ Display50MP Rear Camera | 8MP Front Camera5160 mAh Battery4 Gen 2 5G Processor1 Year Manufacturer Warranty for Phone and 6 Months Warranty for In the Box Accessories,740 Ratings & 52 Reviews,4.2,10790.0,740.0,52.0,4.0,128.0,6.88,50.0,5160.0,1.0
"REDMI 14C 5G (Stardust Purple, 128 GB)",4 GB RAM | 128 GB ROM | Expandable Upto 1 TB17.48 cm (6.88 inch) HD+ Display50MP Rear Camera | 8MP Front Camera5160 mAh Battery4 Gen 2 5G Processor1 Year Manufacturer Warranty for Phone and 6 Months Warranty for In the Box Accessories,740 Ratings & 52 Reviews,4.2,10649.0,740.0,52.0,4.0,128.0,6.88,50.0,5160.0,1.0
"Tecno Pova 6 Neo 5G (Midnight Shadow, 256 GB)",8 GB RAM | 256 GB ROM | Expandable Upto 1 TB16.94 cm (6.67 inch) Display108MP Rear Camera | 8MP Front Camera5000 mAh BatteryDimensity 6300 5G Processor1 Year Manufacturer Warranty for Phone,21 Ratings & 0 Reviews,3.9,13999.0,21.0,0.0,8.0,256.0,6.67,108.0,5000.0,1.0
"OPPO A3 Pro 5G (Moonlight Purple, 256 GB)",8 GB RAM | 256 GB ROM | Expandable Upto 1 TB16.94 cm (6.67 inch) Display50MP + 2MP | 8MP Front Camera5100 mAh BatteryDimensity 6300 5G Mobile Platform Processor1 Year Manufacturer Warranty for Device and 6 Months Manufacturer Warranty for Inbox Accessories,"1,986 Ratings & 89 Reviews",4.3,18999.0,986.0,89.0,8.0,256.0,6.67,50.0,5100.0,1.0
"POCO M6 5G (Polaris Green, 128 GB)",6 GB RAM | 128 GB ROM | Expandable Upto 1 TB17.12 cm (6.74 inch) HD+ Display50MP Rear Camera | 5MP Front Camera5000 mAh BatteryMediatek Dimensity 6100+ Processor1 Year Manufacturer Warranty for Phone and 6 Months Warranty for In the Box Accessories,"49,208 Ratings & 2,515 Reviews",4.3,9999.0,208.0,515.0,6.0,128.0,6.74,50.0,5000.0,1.0
"POCO M6 5G (Orion Blue, 128 GB)",6 GB RAM | 128 GB ROM | Expandable Upto 1 TB17.12 cm (6.74 inch) HD+ Display50MP Rear Camera | 5MP Front Camera5000 mAh BatteryMediatek Dimensity 6100+ Processor1 Year Manufacturer Warranty for Phone and 6 Months Warranty for In the Box Accessories,"49,208 Ratings & 2,515 Reviews",4.3,9999.0,208.0,515.0,6.0,128.0,6.74,50.0,5000.0,1.0
Kechaoda A27,32 MB RAM | 32 MB ROM | Expandable Upto 16 GB1.68 cm (0.66 inch) QVGA Display0MP | 0MP Front Camera800 mAh BatteryNA Processor1 Year Company Domestic Warranty by Company Authorized Service Center.,"13,401 Ratings & 794 Reviews",4.0,899.0,401.0,794.0,8.0,128.0,0.66,50.0,800.0,1.0
"vivo T2x 5G (Marine Blue, 128 GB)",6 GB RAM | 128 GB ROM16.71 cm (6.58 inch) Full HD+ Display50MP + 2MP | 8MP Front Camera5000 mAh BatteryMediatek Dimensity 6020 Processor1 Year of Device & 6 Months for Inbox Accessories,"4,50,200 Ratings & 23,700 Reviews",4.4,12999.0,200.0,700.0,6.0,128.0,6.58,50.0,5000.0,1.0
"realme N65 5G (AMBER GOLD, 128 GB)",8 GB RAM | 128 GB ROM16.94 cm (6.67 inch) Display50MP Rear Camera5000 mAh Battery1 Year,95 Ratings & 6 Reviews,4.2,11999.0,95.0,6.0,8.0,128.0,6.67,50.0,5000.0,1.0
"Tecno Pova 6 Neo 5G (Azure Sky, 256 GB)",8 GB RAM | 256 GB ROM | Expandable Upto 1 TB16.94 cm (6.67 inch) Display108MP Rear Camera | 8MP Front Camera5000 mAh BatteryDimensity 6300 5G Processor1 Year Manufacturer Warranty for Phone,21 Ratings & 0 Reviews,3.9,13999.0,21.0,0.0,8.0,256.0,6.67,108.0,5000.0,1.0
